{
  "cosine_global": {
    "distance": "cosine",
    "policy": "global",
    "thresholds": {
      "s002": 0.21985656023025513,
      "s003": 0.21985656023025513,
      "s004": 0.21985656023025513,
      "s005": 0.21985656023025513,
      "s007": 0.21985656023025513,
      "s008": 0.21985656023025513,
      "s010": 0.21985656023025513,
      "s011": 0.21985656023025513,
      "s012": 0.21985656023025513,
      "s013": 0.21985656023025513,
      "s015": 0.21985656023025513,
      "s016": 0.21985656023025513,
      "s017": 0.21985656023025513,
      "s018": 0.21985656023025513,
      "s019": 0.21985656023025513,
      "s020": 0.21985656023025513,
      "s021": 0.21985656023025513,
      "s022": 0.21985656023025513,
      "s024": 0.21985656023025513,
      "s025": 0.21985656023025513,
      "s026": 0.21985656023025513,
      "s027": 0.21985656023025513,
      "s028": 0.21985656023025513,
      "s029": 0.21985656023025513,
      "s030": 0.21985656023025513,
      "s031": 0.21985656023025513,
      "s032": 0.21985656023025513,
      "s033": 0.21985656023025513,
      "s034": 0.21985656023025513,
      "s035": 0.21985656023025513,
      "s036": 0.21985656023025513,
      "s037": 0.21985656023025513,
      "s038": 0.21985656023025513,
      "s039": 0.21985656023025513,
      "s040": 0.21985656023025513,
      "s041": 0.21985656023025513,
      "s042": 0.21985656023025513,
      "s043": 0.21985656023025513,
      "s044": 0.21985656023025513,
      "s046": 0.21985656023025513,
      "s047": 0.21985656023025513,
      "s048": 0.21985656023025513,
      "s049": 0.21985656023025513,
      "s050": 0.21985656023025513,
      "s051": 0.21985656023025513,
      "s052": 0.21985656023025513,
      "s053": 0.21985656023025513,
      "s054": 0.21985656023025513,
      "s055": 0.21985656023025513,
      "s056": 0.21985656023025513,
      "s057": 0.21985656023025513
    },
    "selected_users": [],
    "threshold_selection_split": "validation"
  },
  "cosine_per_user": {
    "distance": "cosine",
    "policy": "per_user",
    "thresholds": {
      "s002": 0.22764575481414795,
      "s003": 0.16334718465805054,
      "s004": 0.23221063613891602,
      "s005": 0.1773807406425476,
      "s007": 0.1224440336227417,
      "s008": 0.18689310550689697,
      "s010": 0.26045531034469604,
      "s011": 0.18541991710662842,
      "s012": 0.15970665216445923,
      "s013": 0.22384989261627197,
      "s015": 0.24527853727340698,
      "s016": 0.3494991660118103,
      "s017": 0.20461785793304443,
      "s018": 0.20486420392990112,
      "s019": 0.30209195613861084,
      "s020": 0.1922358274459839,
      "s021": 0.20860815048217773,
      "s022": 0.24835103750228882,
      "s024": 0.25007498264312744,
      "s025": 0.31812530755996704,
      "s026": 0.23616641759872437,
      "s027": 0.3197748064994812,
      "s028": 0.1970037817955017,
      "s029": 0.17854124307632446,
      "s030": 0.23660868406295776,
      "s031": 0.27516716718673706,
      "s032": 0.18542927503585815,
      "s033": 0.2532014846801758,
      "s034": 0.24615174531936646,
      "s035": 0.30617403984069824,
      "s036": 0.23234719038009644,
      "s037": 0.22579210996627808,
      "s038": 0.2773005962371826,
      "s039": 0.21732240915298462,
      "s040": 0.25195765495300293,
      "s041": 0.22012066841125488,
      "s042": 0.3709363341331482,
      "s043": 0.19495612382888794,
      "s044": 0.2193395495414734,
      "s046": 0.20731914043426514,
      "s047": 0.32310497760772705,
      "s048": 0.2365797758102417,
      "s049": 0.2501707673072815,
      "s050": 0.20059973001480103,
      "s051": 0.17229968309402466,
      "s052": 0.3261684775352478,
      "s053": 0.28126150369644165,
      "s054": 0.2260342836380005,
      "s055": 0.21629315614700317,
      "s056": 0.17845988273620605,
      "s057": 0.24242514371871948
    },
    "selected_users": [
      "s002",
      "s003",
      "s004",
      "s005",
      "s007",
      "s008",
      "s010",
      "s011",
      "s012",
      "s013",
      "s015",
      "s016",
      "s017",
      "s018",
      "s019",
      "s020",
      "s021",
      "s022",
      "s024",
      "s025",
      "s026",
      "s027",
      "s028",
      "s029",
      "s030",
      "s031",
      "s032",
      "s033",
      "s034",
      "s035",
      "s036",
      "s037",
      "s038",
      "s039",
      "s040",
      "s041",
      "s042",
      "s043",
      "s044",
      "s046",
      "s047",
      "s048",
      "s049",
      "s050",
      "s051",
      "s052",
      "s053",
      "s054",
      "s055",
      "s056",
      "s057"
    ],
    "threshold_selection_split": "validation"
  },
  "cosine_guarded": {
    "distance": "cosine",
    "policy": "guarded",
    "thresholds": {
      "s002": 0.21985656023025513,
      "s003": 0.21985656023025513,
      "s004": 0.21985656023025513,
      "s005": 0.21985656023025513,
      "s007": 0.21985656023025513,
      "s008": 0.21985656023025513,
      "s010": 0.21985656023025513,
      "s011": 0.21985656023025513,
      "s012": 0.21985656023025513,
      "s013": 0.21985656023025513,
      "s015": 0.21985656023025513,
      "s016": 0.21985656023025513,
      "s017": 0.20461785793304443,
      "s018": 0.20486420392990112,
      "s019": 0.21985656023025513,
      "s020": 0.21985656023025513,
      "s021": 0.20860815048217773,
      "s022": 0.21985656023025513,
      "s024": 0.21985656023025513,
      "s025": 0.21985656023025513,
      "s026": 0.21985656023025513,
      "s027": 0.21985656023025513,
      "s028": 0.21985656023025513,
      "s029": 0.17854124307632446,
      "s030": 0.21985656023025513,
      "s031": 0.21985656023025513,
      "s032": 0.21985656023025513,
      "s033": 0.21985656023025513,
      "s034": 0.21985656023025513,
      "s035": 0.21985656023025513,
      "s036": 0.21985656023025513,
      "s037": 0.21985656023025513,
      "s038": 0.21985656023025513,
      "s039": 0.21732240915298462,
      "s040": 0.21985656023025513,
      "s041": 0.21985656023025513,
      "s042": 0.21985656023025513,
      "s043": 0.19495612382888794,
      "s044": 0.2193395495414734,
      "s046": 0.21985656023025513,
      "s047": 0.21985656023025513,
      "s048": 0.21985656023025513,
      "s049": 0.21985656023025513,
      "s050": 0.21985656023025513,
      "s051": 0.21985656023025513,
      "s052": 0.21985656023025513,
      "s053": 0.21985656023025513,
      "s054": 0.21985656023025513,
      "s055": 0.21629315614700317,
      "s056": 0.21985656023025513,
      "s057": 0.21985656023025513
    },
    "selected_users": [
      "s017",
      "s018",
      "s021",
      "s029",
      "s039",
      "s043",
      "s044",
      "s055"
    ],
    "threshold_selection_split": "validation"
  },
  "euclidean_global": {
    "distance": "euclidean",
    "policy": "global",
    "thresholds": {
      "s002": 0.6359309554100037,
      "s003": 0.6359309554100037,
      "s004": 0.6359309554100037,
      "s005": 0.6359309554100037,
      "s007": 0.6359309554100037,
      "s008": 0.6359309554100037,
      "s010": 0.6359309554100037,
      "s011": 0.6359309554100037,
      "s012": 0.6359309554100037,
      "s013": 0.6359309554100037,
      "s015": 0.6359309554100037,
      "s016": 0.6359309554100037,
      "s017": 0.6359309554100037,
      "s018": 0.6359309554100037,
      "s019": 0.6359309554100037,
      "s020": 0.6359309554100037,
      "s021": 0.6359309554100037,
      "s022": 0.6359309554100037,
      "s024": 0.6359309554100037,
      "s025": 0.6359309554100037,
      "s026": 0.6359309554100037,
      "s027": 0.6359309554100037,
      "s028": 0.6359309554100037,
      "s029": 0.6359309554100037,
      "s030": 0.6359309554100037,
      "s031": 0.6359309554100037,
      "s032": 0.6359309554100037,
      "s033": 0.6359309554100037,
      "s034": 0.6359309554100037,
      "s035": 0.6359309554100037,
      "s036": 0.6359309554100037,
      "s037": 0.6359309554100037,
      "s038": 0.6359309554100037,
      "s039": 0.6359309554100037,
      "s040": 0.6359309554100037,