{
  "cosine_global": {
    "distance": "cosine",
    "policy": "global",
    "thresholds": {
      "s002": 0.02594679594039917,
      "s003": 0.02594679594039917,
      "s004": 0.02594679594039917,
      "s005": 0.02594679594039917,
      "s007": 0.02594679594039917,
      "s008": 0.02594679594039917,
      "s010": 0.02594679594039917,
      "s011": 0.02594679594039917,
      "s012": 0.02594679594039917,
      "s013": 0.02594679594039917,
      "s015": 0.02594679594039917,
      "s016": 0.02594679594039917,
      "s017": 0.02594679594039917,
      "s018": 0.02594679594039917,
      "s019": 0.02594679594039917,
      "s020": 0.02594679594039917,
      "s021": 0.02594679594039917,
      "s022": 0.02594679594039917,
      "s024": 0.02594679594039917,
      "s025": 0.02594679594039917,
      "s026": 0.02594679594039917,
      "s027": 0.02594679594039917,
      "s028": 0.02594679594039917,
      "s029": 0.02594679594039917,
      "s030": 0.02594679594039917,
      "s031": 0.02594679594039917,
      "s032": 0.02594679594039917,
      "s033": 0.02594679594039917,
      "s034": 0.02594679594039917,
      "s035": 0.02594679594039917,
      "s036": 0.02594679594039917,
      "s037": 0.02594679594039917,
      "s038": 0.02594679594039917,
      "s039": 0.02594679594039917,
      "s040": 0.02594679594039917,
      "s041": 0.02594679594039917,
      "s042": 0.02594679594039917,
      "s043": 0.02594679594039917,
      "s044": 0.02594679594039917,
      "s046": 0.02594679594039917,
      "s047": 0.02594679594039917,
      "s048": 0.02594679594039917,
      "s049": 0.02594679594039917,
      "s050": 0.02594679594039917,
      "s051": 0.02594679594039917,
      "s052": 0.02594679594039917,
      "s053": 0.02594679594039917,
      "s054": 0.02594679594039917,
      "s055": 0.02594679594039917,
      "s056": 0.02594679594039917,
      "s057": 0.02594679594039917
    },
    "selected_users": [],
    "threshold_selection_split": "validation"
  },
  "cosine_per_user": {
    "distance": "cosine",
    "policy": "per_user",
    "thresholds": {
      "s002": 0.024020254611968994,
      "s003": 0.021936416625976562,
      "s004": 0.022946178913116455,
      "s005": 0.03146582841873169,
      "s007": 0.018793463706970215,
      "s008": 0.021587371826171875,
      "s010": 0.03172212839126587,
      "s011": 0.025828957557678223,
      "s012": 0.029421746730804443,
      "s013": 0.025363802909851074,
      "s015": 0.020658433437347412,
      "s016": 0.06670188903808594,
      "s017": 0.03295588493347168,
      "s018": 0.027932345867156982,
      "s019": 0.06441175937652588,
      "s020": 0.020866334438323975,
      "s021": 0.02817380428314209,
      "s022": 0.07017642259597778,
      "s024": 0.04978698492050171,
      "s025": 0.043484628200531006,
      "s026": 0.021992027759552002,
      "s027": 0.055498480796813965,
      "s028": 0.039150238037109375,
      "s029": 0.02725929021835327,
      "s030": 0.03084397315979004,
      "s031": 0.02246236801147461,
      "s032": 0.021004021167755127,
      "s033": 0.08309787511825562,
      "s034": 0.023156464099884033,
      "s035": 0.032381415367126465,
      "s036": 0.1323903203010559,
      "s037": 0.023925602436065674,
      "s038": 0.030827999114990234,
      "s039": 0.030757129192352295,
      "s040": 0.0276486873626709,
      "s041": 0.03369569778442383,
      "s042": 0.06014353036880493,
      "s043": 0.0648723840713501,
      "s044": 0.03738510608673096,
      "s046": 0.026658356189727783,
      "s047": 0.04112875461578369,
      "s048": 0.021360933780670166,
      "s049": 0.05215674638748169,
      "s050": 0.022772789001464844,
      "s051": 0.022244572639465332,
      "s052": 1.2034313678741455,
      "s053": 0.05799591541290283,
      "s054": 0.024460554122924805,
      "s055": 0.031024456024169922,
      "s056": 0.025350093841552734,
      "s057": 0.02190917730331421
    },
    "selected_users": [
      "s002",
      "s003",
      "s004",
      "s005",
      "s007",
      "s008",
      "s010",
      "s011",
      "s012",
      "s013",
      "s015",
      "s016",
      "s017",
      "s018",
      "s019",
      "s020",
      "s021",
      "s022",
      "s024",
      "s025",
      "s026",
      "s027",
      "s028",
      "s029",
      "s030",
      "s031",
      "s032",
      "s033",
      "s034",
      "s035",
      "s036",
      "s037",
      "s038",
      "s039",
      "s040",
      "s041",
      "s042",
      "s043",
      "s044",
      "s046",
      "s047",
      "s048",
      "s049",
      "s050",
      "s051",
      "s052",
      "s053",
      "s054",
      "s055",
      "s056",
      "s057"
    ],
    "threshold_selection_split": "validation"
  },
  "cosine_guarded": {
    "distance": "cosine",
    "policy": "guarded",
    "thresholds": {
      "s002": 0.024020254611968994,
      "s003": 0.02594679594039917,
      "s004": 0.02594679594039917,
      "s005": 0.02594679594039917,
      "s007": 0.02594679594039917,
      "s008": 0.02594679594039917,
      "s010": 0.02594679594039917,
      "s011": 0.025828957557678223,
      "s012": 0.02594679594039917,
      "s013": 0.025363802909851074,
      "s015": 0.02594679594039917,
      "s016": 0.02594679594039917,
      "s017": 0.02594679594039917,
      "s018": 0.02594679594039917,
      "s019": 0.02594679594039917,
      "s020": 0.02594679594039917,
      "s021": 0.02594679594039917,
      "s022": 0.02594679594039917,
      "s024": 0.02594679594039917,
      "s025": 0.02594679594039917,
      "s026": 0.02594679594039917,
      "s027": 0.02594679594039917,
      "s028": 0.02594679594039917,
      "s029": 0.02594679594039917,
      "s030": 0.02594679594039917,
      "s031": 0.02594679594039917,
      "s032": 0.02594679594039917,
      "s033": 0.02594679594039917,
      "s034": 0.02594679594039917,
      "s035": 0.02594679594039917,
      "s036": 0.02594679594039917,
      "s037": 0.02594679594039917,
      "s038": 0.02594679594039917,
      "s039": 0.02594679594039917,
      "s040": 0.02594679594039917,
      "s041": 0.02594679594039917,
      "s042": 0.02594679594039917,
      "s043": 0.02594679594039917,
      "s044": 0.02594679594039917,
      "s046": 0.02594679594039917,
      "s047": 0.02594679594039917,
      "s048": 0.02594679594039917,
      "s049": 0.02594679594039917,
      "s050": 0.02594679594039917,
      "s051": 0.02594679594039917,
      "s052": 0.02594679594039917,
      "s053": 0.02594679594039917,
      "s054": 0.024460554122924805,
      "s055": 0.02594679594039917,
      "s056": 0.025350093841552734,
      "s057": 0.02594679594039917
    },
    "selected_users": [
      "s002",
      "s011",
      "s013",
      "s054",
      "s056"
    ],
    "threshold_selection_split": "validation"
  },
  "euclidean_global": {
    "distance": "euclidean",
    "policy": "global",
    "thresholds": {
      "s002": 0.2266196757555008,
      "s003": 0.2266196757555008,
      "s004": 0.2266196757555008,
      "s005": 0.2266196757555008,
      "s007": 0.2266196757555008,
      "s008": 0.2266196757555008,
      "s010": 0.2266196757555008,
      "s011": 0.2266196757555008,
      "s012": 0.2266196757555008,
      "s013": 0.2266196757555008,
      "s015": 0.2266196757555008,
      "s016": 0.2266196757555008,
      "s017": 0.2266196757555008,
      "s018": 0.2266196757555008,
      "s019": 0.2266196757555008,
      "s020": 0.2266196757555008,
      "s021": 0.2266196757555008,
      "s022": 0.2266196757555008,
      "s024": 0.2266196757555008,
      "s025": 0.2266196757555008,
      "s026": 0.2266196757555008,
      "s027": 0.2266196757555008,
      "s028": 0.2266196757555008,
      "s029": 0.2266196757555008,
      "s030": 0.2266196757555008,
      "s031": 0.2266196757555008,
      "s032": 0.2266196757555008,
      "s033": 0.2266196757555008,
      "s034": 0.2266196757555008,
      "s035": 0.2266196757555008,
      "s036": 0.2266196757555008,
      "s037": 0.2266196757555008,
      "s038": 0.2266196757555008,
      "s039": 0.2266196757555008,
      "s040": 0.2266196757555008,