{
  "cosine_global": {
    "distance": "cosine",
    "policy": "global",
    "thresholds": {
      "s002": 0.041111648082733154,
      "s003": 0.041111648082733154,
      "s004": 0.041111648082733154,
      "s005": 0.041111648082733154,
      "s007": 0.041111648082733154,
      "s008": 0.041111648082733154,
      "s010": 0.041111648082733154,
      "s011": 0.041111648082733154,
      "s012": 0.041111648082733154,
      "s013": 0.041111648082733154,
      "s015": 0.041111648082733154,
      "s016": 0.041111648082733154,
      "s017": 0.041111648082733154,
      "s018": 0.041111648082733154,
      "s019": 0.041111648082733154,
      "s020": 0.041111648082733154,
      "s021": 0.041111648082733154,
      "s022": 0.041111648082733154,
      "s024": 0.041111648082733154,
      "s025": 0.041111648082733154,
      "s026": 0.041111648082733154,
      "s027": 0.041111648082733154,
      "s028": 0.041111648082733154,
      "s029": 0.041111648082733154,
      "s030": 0.041111648082733154,
      "s031": 0.041111648082733154,
      "s032": 0.041111648082733154,
      "s033": 0.041111648082733154,
      "s034": 0.041111648082733154,
      "s035": 0.041111648082733154,
      "s036": 0.041111648082733154,
      "s037": 0.041111648082733154,
      "s038": 0.041111648082733154,
      "s039": 0.041111648082733154,
      "s040": 0.041111648082733154,
      "s041": 0.041111648082733154,
      "s042": 0.041111648082733154,
      "s043": 0.041111648082733154,
      "s044": 0.041111648082733154,
      "s046": 0.041111648082733154,
      "s047": 0.041111648082733154,
      "s048": 0.041111648082733154,
      "s049": 0.041111648082733154,
      "s050": 0.041111648082733154,
      "s051": 0.041111648082733154,
      "s052": 0.041111648082733154,
      "s053": 0.041111648082733154,
      "s054": 0.041111648082733154,
      "s055": 0.041111648082733154,
      "s056": 0.041111648082733154,
      "s057": 0.041111648082733154
    },
    "selected_users": [],
    "threshold_selection_split": "validation"
  },
  "cosine_per_user": {
    "distance": "cosine",
    "policy": "per_user",
    "thresholds": {
      "s002": 0.06749904155731201,
      "s003": 0.04681628942489624,
      "s004": 0.05803871154785156,
      "s005": 0.0219576358795166,
      "s007": 0.013342738151550293,
      "s008": 0.03166770935058594,
      "s010": 0.09950733184814453,
      "s011": 0.06315106153488159,
      "s012": 0.01624441146850586,
      "s013": 0.08230745792388916,
      "s015": 0.08463817834854126,
      "s016": 0.1648111343383789,
      "s017": 0.061450958251953125,
      "s018": 0.031169533729553223,
      "s019": 0.06204169988632202,
      "s020": 0.055198490619659424,
      "s021": 0.06963139772415161,
      "s022": 0.007695317268371582,
      "s024": 0.05748516321182251,
      "s025": 0.08496326208114624,
      "s026": 0.07092529535293579,
      "s027": 0.054287612438201904,
      "s028": 0.030080080032348633,
      "s029": 0.024297654628753662,
      "s030": 0.09171867370605469,
      "s031": 0.08413887023925781,
      "s032": 0.07427936792373657,
      "s033": 0.05604344606399536,
      "s034": 0.09676551818847656,
      "s035": 0.02565288543701172,
      "s036": 0.004772365093231201,
      "s037": 0.05153191089630127,
      "s038": 0.1519073247909546,
      "s039": 0.02381795644760132,
      "s040": 0.043289780616760254,
      "s041": 0.018528640270233154,
      "s042": 0.2785489559173584,
      "s043": 0.006337761878967285,
      "s044": 0.041592180728912354,
      "s046": 0.05443054437637329,
      "s047": 0.1205282211303711,
      "s048": 0.06818264722824097,
      "s049": 0.06048130989074707,
      "s050": 0.03484219312667847,
      "s051": 0.023188292980194092,
      "s052": 0.21803462505340576,
      "s053": 0.10488808155059814,
      "s054": 0.067196786403656,
      "s055": 0.0287477970123291,
      "s056": 0.014337241649627686,
      "s057": 0.06204521656036377
    },
    "selected_users": [
      "s002",
      "s003",
      "s004",
      "s005",
      "s007",
      "s008",
      "s010",
      "s011",
      "s012",
      "s013",
      "s015",
      "s016",
      "s017",
      "s018",
      "s019",
      "s020",
      "s021",
      "s022",
      "s024",
      "s025",
      "s026",
      "s027",
      "s028",
      "s029",
      "s030",
      "s031",
      "s032",
      "s033",
      "s034",
      "s035",
      "s036",
      "s037",
      "s038",
      "s039",
      "s040",
      "s041",
      "s042",
      "s043",
      "s044",
      "s046",
      "s047",
      "s048",
      "s049",
      "s050",
      "s051",
      "s052",
      "s053",
      "s054",
      "s055",
      "s056",
      "s057"
    ],
    "threshold_selection_split": "validation"
  },
  "cosine_guarded": {
    "distance": "cosine",
    "policy": "guarded",
    "thresholds": {
      "s002": 0.041111648082733154,
      "s003": 0.041111648082733154,
      "s004": 0.041111648082733154,
      "s005": 0.041111648082733154,
      "s007": 0.041111648082733154,
      "s008": 0.041111648082733154,
      "s010": 0.041111648082733154,
      "s011": 0.041111648082733154,
      "s012": 0.041111648082733154,
      "s013": 0.041111648082733154,
      "s015": 0.041111648082733154,
      "s016": 0.041111648082733154,
      "s017": 0.041111648082733154,
      "s018": 0.041111648082733154,
      "s019": 0.041111648082733154,
      "s020": 0.041111648082733154,
      "s021": 0.041111648082733154,
      "s022": 0.041111648082733154,
      "s024": 0.041111648082733154,
      "s025": 0.041111648082733154,
      "s026": 0.041111648082733154,
      "s027": 0.041111648082733154,
      "s028": 0.041111648082733154,
      "s029": 0.041111648082733154,
      "s030": 0.041111648082733154,
      "s031": 0.041111648082733154,
      "s032": 0.041111648082733154,
      "s033": 0.041111648082733154,
      "s034": 0.041111648082733154,
      "s035": 0.041111648082733154,
      "s036": 0.041111648082733154,
      "s037": 0.041111648082733154,
      "s038": 0.041111648082733154,
      "s039": 0.041111648082733154,
      "s040": 0.041111648082733154,
      "s041": 0.041111648082733154,
      "s042": 0.041111648082733154,
      "s043": 0.041111648082733154,
      "s044": 0.041111648082733154,
      "s046": 0.041111648082733154,
      "s047": 0.041111648082733154,
      "s048": 0.041111648082733154,
      "s049": 0.041111648082733154,
      "s050": 0.041111648082733154,
      "s051": 0.041111648082733154,
      "s052": 0.041111648082733154,
      "s053": 0.041111648082733154,
      "s054": 0.041111648082733154,
      "s055": 0.041111648082733154,
      "s056": 0.041111648082733154,
      "s057": 0.041111648082733154
    },
    "selected_users": [],
    "threshold_selection_split": "validation"
  },
  "euclidean_global": {
    "distance": "euclidean",
    "policy": "global",
    "thresholds": {
      "s002": 0.28413647413253784,
      "s003": 0.28413647413253784,
      "s004": 0.28413647413253784,
      "s005": 0.28413647413253784,
      "s007": 0.28413647413253784,
      "s008": 0.28413647413253784,
      "s010": 0.28413647413253784,
      "s011": 0.28413647413253784,
      "s012": 0.28413647413253784,
      "s013": 0.28413647413253784,
      "s015": 0.28413647413253784,
      "s016": 0.28413647413253784,
      "s017": 0.28413647413253784,
      "s018": 0.28413647413253784,
      "s019": 0.28413647413253784,
      "s020": 0.28413647413253784,
      "s021": 0.28413647413253784,
      "s022": 0.28413647413253784,
      "s024": 0.28413647413253784,
      "s025": 0.28413647413253784,
      "s026": 0.28413647413253784,
      "s027": 0.28413647413253784,
      "s028": 0.28413647413253784,
      "s029": 0.28413647413253784,
      "s030": 0.28413647413253784,
      "s031": 0.28413647413253784,
      "s032": 0.28413647413253784,
      "s033": 0.28413647413253784,
      "s034": 0.28413647413253784,
      "s035": 0.28413647413253784,
      "s036": 0.28413647413253784,
      "s037": 0.28413647413253784,
      "s038": 0.28413647413253784,
      "s039": 0.28413647413253784,