{
  "cosine_global": {
    "distance": "cosine",
    "policy": "global",
    "thresholds": {
      "s002": 0.2640796899795532,
      "s003": 0.2640796899795532,
      "s004": 0.2640796899795532,
      "s005": 0.2640796899795532,
      "s007": 0.2640796899795532,
      "s008": 0.2640796899795532,
      "s010": 0.2640796899795532,
      "s011": 0.2640796899795532,
      "s012": 0.2640796899795532,
      "s013": 0.2640796899795532,
      "s015": 0.2640796899795532,
      "s016": 0.2640796899795532,
      "s017": 0.2640796899795532,
      "s018": 0.2640796899795532,
      "s019": 0.2640796899795532,
      "s020": 0.2640796899795532,
      "s021": 0.2640796899795532,
      "s022": 0.2640796899795532,
      "s024": 0.2640796899795532,
      "s025": 0.2640796899795532,
      "s026": 0.2640796899795532,
      "s027": 0.2640796899795532,
      "s028": 0.2640796899795532,
      "s029": 0.2640796899795532,
      "s030": 0.2640796899795532,
      "s031": 0.2640796899795532,
      "s032": 0.2640796899795532,
      "s033": 0.2640796899795532,
      "s034": 0.2640796899795532,
      "s035": 0.2640796899795532,
      "s036": 0.2640796899795532,
      "s037": 0.2640796899795532,
      "s038": 0.2640796899795532,
      "s039": 0.2640796899795532,
      "s040": 0.2640796899795532,
      "s041": 0.2640796899795532,
      "s042": 0.2640796899795532,
      "s043": 0.2640796899795532,
      "s044": 0.2640796899795532,
      "s046": 0.2640796899795532,
      "s047": 0.2640796899795532,
      "s048": 0.2640796899795532,
      "s049": 0.2640796899795532,
      "s050": 0.2640796899795532,
      "s051": 0.2640796899795532,
      "s052": 0.2640796899795532,
      "s053": 0.2640796899795532,
      "s054": 0.2640796899795532,
      "s055": 0.2640796899795532,
      "s056": 0.2640796899795532,
      "s057": 0.2640796899795532
    },
    "selected_users": [],
    "threshold_selection_split": "validation"
  },
  "cosine_per_user": {
    "distance": "cosine",
    "policy": "per_user",
    "thresholds": {
      "s002": 0.29885727167129517,
      "s003": 0.13912439346313477,
      "s004": 0.27476686239242554,
      "s005": 0.2032436728477478,
      "s007": 0.1345604658126831,
      "s008": 0.22674089670181274,
      "s010": 0.30702292919158936,
      "s011": 0.2531623840332031,
      "s012": 0.1606566309928894,
      "s013": 0.27490144968032837,
      "s015": 0.2989163398742676,
      "s016": 0.48750418424606323,
      "s017": 0.2863043546676636,
      "s018": 0.2669277787208557,
      "s019": 0.38890719413757324,
      "s020": 0.240048348903656,
      "s021": 0.256744921207428,
      "s022": 0.3091566562652588,
      "s024": 0.3280296325683594,
      "s025": 0.4388168454170227,
      "s026": 0.30114251375198364,
      "s027": 0.4050005078315735,
      "s028": 0.25948500633239746,
      "s029": 0.22662091255187988,
      "s030": 0.26016324758529663,
      "s031": 0.36725103855133057,
      "s032": 0.23342502117156982,
      "s033": 0.24244046211242676,
      "s034": 0.3127315044403076,
      "s035": 0.40107274055480957,
      "s036": 0.2737969160079956,
      "s037": 0.3100748062133789,
      "s038": 0.3512997627258301,
      "s039": 0.2634349465370178,
      "s040": 0.27784353494644165,
      "s041": 0.21941739320755005,
      "s042": 0.47821712493896484,
      "s043": 0.2398529052734375,
      "s044": 0.2629202604293823,
      "s046": 0.2871726155281067,
      "s047": 0.42462867498397827,
      "s048": 0.2682034969329834,
      "s049": 0.28928542137145996,
      "s050": 0.24972611665725708,
      "s051": 0.17474067211151123,
      "s052": 0.4044795036315918,
      "s053": 0.3531169891357422,
      "s054": 0.25243616104125977,
      "s055": 0.2148951292037964,
      "s056": 0.21667879819869995,
      "s057": 0.2990291118621826
    },
    "selected_users": [
      "s002",
      "s003",
      "s004",
      "s005",
      "s007",
      "s008",
      "s010",
      "s011",
      "s012",
      "s013",
      "s015",
      "s016",
      "s017",
      "s018",
      "s019",
      "s020",
      "s021",
      "s022",
      "s024",
      "s025",
      "s026",
      "s027",
      "s028",
      "s029",
      "s030",
      "s031",
      "s032",
      "s033",
      "s034",
      "s035",
      "s036",
      "s037",
      "s038",
      "s039",
      "s040",
      "s041",
      "s042",
      "s043",
      "s044",
      "s046",
      "s047",
      "s048",
      "s049",
      "s050",
      "s051",
      "s052",
      "s053",
      "s054",
      "s055",
      "s056",
      "s057"
    ],
    "threshold_selection_split": "validation"
  },
  "cosine_guarded": {
    "distance": "cosine",
    "policy": "guarded",
    "thresholds": {
      "s002": 0.2640796899795532,
      "s003": 0.2640796899795532,
      "s004": 0.2640796899795532,
      "s005": 0.2032436728477478,
      "s007": 0.2640796899795532,
      "s008": 0.2640796899795532,
      "s010": 0.2640796899795532,
      "s011": 0.2531623840332031,
      "s012": 0.2640796899795532,
      "s013": 0.2640796899795532,
      "s015": 0.2640796899795532,
      "s016": 0.2640796899795532,
      "s017": 0.2640796899795532,
      "s018": 0.2640796899795532,
      "s019": 0.2640796899795532,
      "s020": 0.240048348903656,
      "s021": 0.256744921207428,
      "s022": 0.2640796899795532,
      "s024": 0.2640796899795532,
      "s025": 0.2640796899795532,
      "s026": 0.2640796899795532,
      "s027": 0.2640796899795532,
      "s028": 0.25948500633239746,
      "s029": 0.22662091255187988,
      "s030": 0.26016324758529663,
      "s031": 0.2640796899795532,
      "s032": 0.23342502117156982,
      "s033": 0.2640796899795532,
      "s034": 0.2640796899795532,
      "s035": 0.2640796899795532,
      "s036": 0.2640796899795532,
      "s037": 0.2640796899795532,
      "s038": 0.2640796899795532,
      "s039": 0.2634349465370178,
      "s040": 0.2640796899795532,
      "s041": 0.2640796899795532,
      "s042": 0.2640796899795532,
      "s043": 0.2398529052734375,
      "s044": 0.2640796899795532,
      "s046": 0.2640796899795532,
      "s047": 0.2640796899795532,
      "s048": 0.2640796899795532,
      "s049": 0.2640796899795532,
      "s050": 0.2640796899795532,
      "s051": 0.2640796899795532,
      "s052": 0.2640796899795532,
      "s053": 0.2640796899795532,
      "s054": 0.25243616104125977,
      "s055": 0.2148951292037964,
      "s056": 0.2640796899795532,
      "s057": 0.2640796899795532
    },
    "selected_users": [
      "s005",
      "s011",
      "s020",
      "s021",
      "s028",
      "s029",
      "s030",
      "s032",
      "s039",
      "s043",
      "s054",
      "s055"
    ],
    "threshold_selection_split": "validation"
  },
  "euclidean_global": {
    "distance": "euclidean",
    "policy": "global",
    "thresholds": {
      "s002": 0.6925601959228516,
      "s003": 0.6925601959228516,
      "s004": 0.6925601959228516,
      "s005": 0.6925601959228516,
      "s007": 0.6925601959228516,
      "s008": 0.6925601959228516,
      "s010": 0.6925601959228516,
      "s011": 0.6925601959228516,
      "s012": 0.6925601959228516,
      "s013": 0.6925601959228516,
      "s015": 0.6925601959228516,
      "s016": 0.6925601959228516,
      "s017": 0.6925601959228516,
      "s018": 0.6925601959228516,
      "s019": 0.6925601959228516,
      "s020": 0.6925601959228516,
      "s021": 0.6925601959228516,
      "s022": 0.6925601959228516,
      "s024": 0.6925601959228516,
      "s025": 0.6925601959228516,
      "s026": 0.6925601959228516,
      "s027": 0.6925601959228516,
      "s028": 0.6925601959228516,
      "s029": 0.6925601959228516,
      "s030": 0.6925601959228516,
      "s031": 0.6925601959228516,
      "s032": 0.6925601959228516,
      "s033": 0.6925601959228516,
      "s034": 0.6925601959228516,
      "s035": 0.6925601959228516,
      "s036": 0.6925601959228516,
      "s037": 0.6925601959228516,
      "s038": 0.6925601959228516,
      "s039": 0.6925601959228516,
      "s040": 0.6925601959228516,
      "s041": 0.6925601959228516,