{
  "cosine_global": {
    "distance": "cosine",
    "policy": "global",
    "thresholds": {
      "s002": 0.099484384059906,
      "s003": 0.099484384059906,
      "s004": 0.099484384059906,
      "s005": 0.099484384059906,
      "s007": 0.099484384059906,
      "s008": 0.099484384059906,
      "s010": 0.099484384059906,
      "s011": 0.099484384059906,
      "s012": 0.099484384059906,
      "s013": 0.099484384059906,
      "s015": 0.099484384059906,
      "s016": 0.099484384059906,
      "s017": 0.099484384059906,
      "s018": 0.099484384059906,
      "s019": 0.099484384059906,
      "s020": 0.099484384059906,
      "s021": 0.099484384059906,
      "s022": 0.099484384059906,
      "s024": 0.099484384059906,
      "s025": 0.099484384059906,
      "s026": 0.099484384059906,
      "s027": 0.099484384059906,
      "s028": 0.099484384059906,
      "s029": 0.099484384059906,
      "s030": 0.099484384059906,
      "s031": 0.099484384059906,
      "s032": 0.099484384059906,
      "s033": 0.099484384059906,
      "s034": 0.099484384059906,
      "s035": 0.099484384059906,
      "s036": 0.099484384059906,
      "s037": 0.099484384059906,
      "s038": 0.099484384059906,
      "s039": 0.099484384059906,
      "s040": 0.099484384059906,
      "s041": 0.099484384059906,
      "s042": 0.099484384059906,
      "s043": 0.099484384059906,
      "s044": 0.099484384059906,
      "s046": 0.099484384059906,
      "s047": 0.099484384059906,
      "s048": 0.099484384059906,
      "s049": 0.099484384059906,
      "s050": 0.099484384059906,
      "s051": 0.099484384059906,
      "s052": 0.099484384059906,
      "s053": 0.099484384059906,
      "s054": 0.099484384059906,
      "s055": 0.099484384059906,
      "s056": 0.099484384059906,
      "s057": 0.099484384059906
    },
    "selected_users": [],
    "threshold_selection_split": "validation"
  },
  "cosine_per_user": {
    "distance": "cosine",
    "policy": "per_user",
    "thresholds": {
      "s002": 0.09238255023956299,
      "s003": 0.0791633129119873,
      "s004": 0.08666568994522095,
      "s005": 0.10266834497451782,
      "s007": 0.08090865612030029,
      "s008": 0.08854568004608154,
      "s010": 0.12673568725585938,
      "s011": 0.07972204685211182,
      "s012": 0.09158468246459961,
      "s013": 0.09724640846252441,
      "s015": 0.08783745765686035,
      "s016": 0.31596672534942627,
      "s017": 0.08995711803436279,
      "s018": 0.09847331047058105,
      "s019": 0.2568473219871521,
      "s020": 0.0894542932510376,
      "s021": 0.12714368104934692,
      "s022": 0.25215691328048706,
      "s024": 0.18950557708740234,
      "s025": 0.15378540754318237,
      "s026": 0.07937818765640259,
      "s027": 0.24676966667175293,
      "s028": 0.15025973320007324,
      "s029": 0.11760425567626953,
      "s030": 0.1520034670829773,
      "s031": 0.08918476104736328,
      "s032": 0.0846816897392273,
      "s033": 0.3072105050086975,
      "s034": 0.11048531532287598,
      "s035": 0.11242157220840454,
      "s036": 0.25820690393447876,
      "s037": 0.1078307032585144,
      "s038": 0.10637211799621582,
      "s039": 0.1103023886680603,
      "s040": 0.10108524560928345,
      "s041": 0.13162082433700562,
      "s042": 0.5179038047790527,
      "s043": 0.22195929288864136,
      "s044": 0.14657175540924072,
      "s046": 0.1089092493057251,
      "s047": 0.1728110909461975,
      "s048": 0.08525055646896362,
      "s049": 0.21018719673156738,
      "s050": 0.08291041851043701,
      "s051": 0.09706658124923706,
      "s052": 0.8609377145767212,
      "s053": 0.2686160206794739,
      "s054": 0.09868890047073364,
      "s055": 0.10273051261901855,
      "s056": 0.08601123094558716,
      "s057": 0.08538264036178589
    },
    "selected_users": [
      "s002",
      "s003",
      "s004",
      "s005",
      "s007",
      "s008",
      "s010",
      "s011",
      "s012",
      "s013",
      "s015",
      "s016",
      "s017",
      "s018",
      "s019",
      "s020",
      "s021",
      "s022",
      "s024",
      "s025",
      "s026",
      "s027",
      "s028",
      "s029",
      "s030",
      "s031",
      "s032",
      "s033",
      "s034",
      "s035",
      "s036",
      "s037",
      "s038",
      "s039",
      "s040",
      "s041",
      "s042",
      "s043",
      "s044",
      "s046",
      "s047",
      "s048",
      "s049",
      "s050",
      "s051",
      "s052",
      "s053",
      "s054",
      "s055",
      "s056",
      "s057"
    ],
    "threshold_selection_split": "validation"
  },
  "cosine_guarded": {
    "distance": "cosine",
    "policy": "guarded",
    "thresholds": {
      "s002": 0.099484384059906,
      "s003": 0.099484384059906,
      "s004": 0.099484384059906,
      "s005": 0.099484384059906,
      "s007": 0.099484384059906,
      "s008": 0.099484384059906,
      "s010": 0.099484384059906,
      "s011": 0.099484384059906,
      "s012": 0.09158468246459961,
      "s013": 0.09724640846252441,
      "s015": 0.099484384059906,
      "s016": 0.099484384059906,
      "s017": 0.099484384059906,
      "s018": 0.09847331047058105,
      "s019": 0.099484384059906,
      "s020": 0.099484384059906,
      "s021": 0.099484384059906,
      "s022": 0.099484384059906,
      "s024": 0.099484384059906,
      "s025": 0.099484384059906,
      "s026": 0.099484384059906,
      "s027": 0.099484384059906,
      "s028": 0.099484384059906,
      "s029": 0.099484384059906,
      "s030": 0.099484384059906,
      "s031": 0.099484384059906,
      "s032": 0.099484384059906,
      "s033": 0.099484384059906,
      "s034": 0.099484384059906,
      "s035": 0.099484384059906,
      "s036": 0.099484384059906,
      "s037": 0.099484384059906,
      "s038": 0.099484384059906,
      "s039": 0.099484384059906,
      "s040": 0.099484384059906,
      "s041": 0.099484384059906,
      "s042": 0.099484384059906,
      "s043": 0.099484384059906,
      "s044": 0.099484384059906,
      "s046": 0.099484384059906,
      "s047": 0.099484384059906,
      "s048": 0.099484384059906,
      "s049": 0.099484384059906,
      "s050": 0.099484384059906,
      "s051": 0.09706658124923706,
      "s052": 0.099484384059906,
      "s053": 0.099484384059906,
      "s054": 0.09868890047073364,
      "s055": 0.099484384059906,
      "s056": 0.099484384059906,
      "s057": 0.099484384059906
    },
    "selected_users": [
      "s012",
      "s013",
      "s018",
      "s051",
      "s054"
    ],
    "threshold_selection_split": "validation"
  },
  "euclidean_global": {
    "distance": "euclidean",
    "policy": "global",
    "thresholds": {
      "s002": 0.43760982155799866,
      "s003": 0.43760982155799866,
      "s004": 0.43760982155799866,
      "s005": 0.43760982155799866,
      "s007": 0.43760982155799866,
      "s008": 0.43760982155799866,
      "s010": 0.43760982155799866,
      "s011": 0.43760982155799866,
      "s012": 0.43760982155799866,
      "s013": 0.43760982155799866,
      "s015": 0.43760982155799866,
      "s016": 0.43760982155799866,
      "s017": 0.43760982155799866,
      "s018": 0.43760982155799866,
      "s019": 0.43760982155799866,
      "s020": 0.43760982155799866,
      "s021": 0.43760982155799866,
      "s022": 0.43760982155799866,
      "s024": 0.43760982155799866,
      "s025": 0.43760982155799866,
      "s026": 0.43760982155799866,
      "s027": 0.43760982155799866,
      "s028": 0.43760982155799866,
      "s029": 0.43760982155799866,
      "s030": 0.43760982155799866,
      "s031": 0.43760982155799866,
      "s032": 0.43760982155799866,
      "s033": 0.43760982155799866,
      "s034": 0.43760982155799866,
      "s035": 0.43760982155799866,
      "s036": 0.43760982155799866,
      "s037": 0.43760982155799866,
      "s038": 0.43760982155799866,
      "s039": 0.43760982155799866,
      "s040": 0.43760982155799866,
      "s041": 0.43760982155799866,
      "s042": 0.43760982155799866,
      "s043": 0.43760982155799866,
      "s044": 0.43760982155799866,
      "s046": 0.43760982155799866,