{
  "metadata": {
    "created_at_utc": "2026-07-08T13:27:10.271154+00:00",
    "threshold_source": "validation",
    "decision_rule": "ACCEPT if distance <= threshold else REJECT",
    "target_far": 0.01,
    "guarded_far_trigger": 0.015,
    "guarded_max_frr_increase": 0.02
  },
  "policies": {
    "euclidean": {
      "distance_metric": "euclidean",
      "target_far": 0.01,
      "guarded_far_trigger": 0.015,
      "guarded_max_frr_increase": 0.02,
      "global_threshold": 7.54766321182251,
      "per_user_thresholds": {
        "s002": 6.700667381286621,
        "s003": 9.042482376098633,
        "s004": 8.401443481445312,
        "s005": 7.169829368591309,
        "s007": 7.18635368347168,
        "s008": 7.56337308883667,
        "s010": 8.255584716796875,
        "s011": 9.760171890258787,
        "s012": 8.132189750671387,
        "s013": 8.716529846191406,
        "s015": 8.446446418762207,
        "s016": 7.294605731964111,
        "s017": 6.797309875488281,
        "s018": 8.168157577514648,
        "s019": 7.774216175079346,
        "s020": 8.403552055358887,
        "s021": 7.03424596786499,
        "s022": 7.602814674377441,
        "s024": 6.877045631408691,
        "s025": 7.548163414001465,
        "s026": 6.6730146408081055,
        "s027": 8.26213264465332,
        "s028": 7.225244522094727,
        "s029": 6.887594223022461,
        "s030": 8.35987377166748,
        "s031": 6.339840888977051,
        "s032": 7.691600799560547,
        "s033": 9.720125198364258,
        "s034": 9.053946495056152,
        "s035": 8.380757331848145,
        "s036": 8.255963325500488,
        "s037": 6.68780517578125,
        "s038": 8.161638259887695,
        "s039": 8.400394439697266,
        "s040": 8.572386741638184,
        "s041": 9.006999969482422,
        "s042": 8.090231895446777,
        "s043": 7.68159294128418,
        "s044": 6.844503879547119,
        "s046": 7.354154109954834,
        "s047": 7.541698455810547,
        "s048": 7.52751350402832,
        "s049": 8.067042350769043,
        "s050": 6.874185085296631,
        "s051": 7.739154815673828,
        "s052": 10.3954439163208,
        "s053": 9.011195182800291,
        "s054": 7.337015151977539,
        "s055": 10.15920066833496,
        "s056": 9.083929061889648,
        "s057": 8.272802352905273
      },
      "guarded_thresholds": {
        "s002": 7.54766321182251,
        "s003": 7.54766321182251,
        "s004": 7.54766321182251,
        "s005": 7.54766321182251,
        "s007": 7.54766321182251,
        "s008": 7.54766321182251,
        "s010": 7.54766321182251,
        "s011": 7.54766321182251,
        "s012": 7.54766321182251,
        "s013": 7.54766321182251,
        "s015": 7.54766321182251,
        "s016": 7.54766321182251,
        "s017": 6.797309875488281,
        "s018": 7.54766321182251,
        "s019": 7.54766321182251,
        "s020": 7.54766321182251,
        "s021": 7.54766321182251,
        "s022": 7.54766321182251,
        "s024": 6.877045631408691,
        "s025": 7.54766321182251,
        "s026": 7.54766321182251,
        "s027": 7.54766321182251,
        "s028": 7.54766321182251,
        "s029": 7.54766321182251,
        "s030": 7.54766321182251,
        "s031": 7.54766321182251,
        "s032": 7.54766321182251,
        "s033": 7.54766321182251,
        "s034": 7.54766321182251,
        "s035": 7.54766321182251,
        "s036": 7.54766321182251,
        "s037": 7.54766321182251,
        "s038": 7.54766321182251,
        "s039": 7.54766321182251,
        "s040": 7.54766321182251,
        "s041": 7.54766321182251,
        "s042": 7.54766321182251,
        "s043": 7.54766321182251,
        "s044": 7.54766321182251,
        "s046": 7.54766321182251,
        "s047": 7.54766321182251,
        "s048": 7.54766321182251,
        "s049": 7.54766321182251,
        "s050": 7.54766321182251,
        "s051": 7.54766321182251,
        "s052": 7.54766321182251,
        "s053": 7.54766321182251,
        "s054": 7.54766321182251,
        "s055": 7.54766321182251,
        "s056": 7.54766321182251,
        "s057": 7.54766321182251
      },
      "guarded_users": [
        "s017",
        "s024"
      ]
    },
    "cosine": {
      "distance_metric": "cosine",
      "target_far": 0.01,
      "guarded_far_trigger": 0.015,
      "guarded_max_frr_increase": 0.02,
      "global_threshold": 0.1720843315124511,
      "per_user_thresholds": {
        "s002": 0.1434191465377807,
        "s003": 0.2259865999221801,
        "s004": 0.1947630047798156,
        "s005": 0.1496005058288574,
        "s007": 0.1497721672058105,
        "s008": 0.1681702733039856,
        "s010": 0.2026127576828003,
        "s011": 0.2268103957176208,
        "s012": 0.2169064879417419,
        "s013": 0.190489649772644,
        "s015": 0.1928704380989074,
        "s016": 0.1638181805610656,
        "s017": 0.1418472528457641,
        "s018": 0.1824666857719421,
        "s019": 0.1820277571678161,
        "s020": 0.2223722338676452,
        "s021": 0.1672979593276977,
        "s022": 0.1539998650550842,
        "s024": 0.1535034775733947,
        "s025": 0.2012301087379455,
        "s026": 0.1346967816352844,
        "s027": 0.1994028687477111,
        "s028": 0.1738470196723938,
        "s029": 0.1414949297904968,
        "s030": 0.2585538625717163,
        "s031": 0.1354112029075622,
        "s032": 0.1780692934989929,
        "s033": 0.2040004134178161,
        "s034": 0.2028135061264038,
        "s035": 0.2093415260314941,
        "s036": 0.1631621122360229,
        "s037": 0.1467610001564026,
        "s038": 0.1919040083885193,
        "s039": 0.1783408522605896,
        "s040": 0.196420669555664,
        "s041": 0.2027314305305481,
        "s042": 0.187399685382843,
        "s043": 0.175729751586914,
        "s044": 0.1500002741813659,
        "s046": 0.1526368260383606,
        "s047": 0.213927686214447,
        "s048": 0.1637012362480163,
        "s049": 0.1761490106582641,
        "s050": 0.1451501250267028,
        "s051": 0.1880186796188354,
        "s052": 0.2365214824676513,
        "s053": 0.2080843448638916,
        "s054": 0.1712900996208191,
        "s055": 0.1823619604110717,
        "s056": 0.1693289279937744,
        "s057": 0.2125506401062011
      },
      "guarded_thresholds": {
        "s002": 0.1720843315124511,
        "s003": 0.1720843315124511,
        "s004": 0.1720843315124511,
        "s005": 0.1496005058288574,
        "s007": 0.1720843315124511,
        "s008": 0.1720843315124511,
        "s010": 0.1720843315124511,
        "s011": 0.1720843315124511,
        "s012": 0.1720843315124511,
        "s013": 0.1720843315124511,
        "s015": 0.1720843315124511,
        "s016": 0.1720843315124511,
        "s017": 0.1418472528457641,
        "s018": 0.1720843315124511,
        "s019": 0.1720843315124511,
        "s020": 0.1720843315124511,
        "s021": 0.1720843315124511,
        "s022": 0.1539998650550842,
        "s024": 0.1535034775733947,
        "s025": 0.1720843315124511,
        "s026": 0.1720843315124511,
        "s027": 0.1720843315124511,
        "s028": 0.1720843315124511,
        "s029": 0.1720843315124511,
        "s030": 0.1720843315124511,
        "s031": 0.1720843315124511,
        "s032": 0.1720843315124511,
        "s033": 0.1720843315124511,
        "s034": 0.1720843315124511,
        "s035": 0.1720843315124511,
        "s036": 0.1720843315124511,
        "s037": 0.1720843315124511,
        "s038": 0.1720843315124511,
        "s039": 0.1720843315124511,
        "s040": 0.1720843315124511,
        "s041": 0.1720843315124511,
        "s042": 0.1720843315124511,
        "s043": 0.1720843315124511,
        "s044": 0.1720843315124511,
        "s046": 0.1720843315124511,
        "s047": 0.1720843315124511,
        "s048": 0.1720843315124511,
        "s049": 0.1720843315124511,
        "s050": 0.1720843315124511,
        "s051": 0.1720843315124511,
        "s052": 0.1720843315124511,
        "s053": 0.1720843315124511,
        "s054": 0.1720843315124511,