{
  "cosine_global": {
    "distance": "cosine",
    "policy": "global",
    "thresholds": {
      "s002": 0.17563092708587646,
      "s003": 0.17563092708587646,
      "s004": 0.17563092708587646,
      "s005": 0.17563092708587646,
      "s007": 0.17563092708587646,
      "s008": 0.17563092708587646,
      "s010": 0.17563092708587646,
      "s011": 0.17563092708587646,
      "s012": 0.17563092708587646,
      "s013": 0.17563092708587646,
      "s015": 0.17563092708587646,
      "s016": 0.17563092708587646,
      "s017": 0.17563092708587646,
      "s018": 0.17563092708587646,
      "s019": 0.17563092708587646,
      "s020": 0.17563092708587646,
      "s021": 0.17563092708587646,
      "s022": 0.17563092708587646,
      "s024": 0.17563092708587646,
      "s025": 0.17563092708587646,
      "s026": 0.17563092708587646,
      "s027": 0.17563092708587646,
      "s028": 0.17563092708587646,
      "s029": 0.17563092708587646,
      "s030": 0.17563092708587646,
      "s031": 0.17563092708587646,
      "s032": 0.17563092708587646,
      "s033": 0.17563092708587646,
      "s034": 0.17563092708587646,
      "s035": 0.17563092708587646,
      "s036": 0.17563092708587646,
      "s037": 0.17563092708587646,
      "s038": 0.17563092708587646,
      "s039": 0.17563092708587646,
      "s040": 0.17563092708587646,
      "s041": 0.17563092708587646,
      "s042": 0.17563092708587646,
      "s043": 0.17563092708587646,
      "s044": 0.17563092708587646,
      "s046": 0.17563092708587646,
      "s047": 0.17563092708587646,
      "s048": 0.17563092708587646,
      "s049": 0.17563092708587646,
      "s050": 0.17563092708587646,
      "s051": 0.17563092708587646,
      "s052": 0.17563092708587646,
      "s053": 0.17563092708587646,
      "s054": 0.17563092708587646,
      "s055": 0.17563092708587646,
      "s056": 0.17563092708587646,
      "s057": 0.17563092708587646
    },
    "selected_users": [],
    "threshold_selection_split": "validation"
  },
  "cosine_per_user": {
    "distance": "cosine",
    "policy": "per_user",
    "thresholds": {
      "s002": 0.14642834663391113,
      "s003": 0.1835365891456604,
      "s004": 0.19123601913452148,
      "s005": 0.15425366163253784,
      "s007": 0.12170332670211792,
      "s008": 0.17471200227737427,
      "s010": 0.20975804328918457,
      "s011": 0.1953783631324768,
      "s012": 0.21701961755752563,
      "s013": 0.190998375415802,
      "s015": 0.19878876209259033,
      "s016": 0.22657501697540283,
      "s017": 0.15491509437561035,
      "s018": 0.19162261486053467,
      "s019": 0.1714523434638977,
      "s020": 0.20277005434036255,
      "s021": 0.19363677501678467,
      "s022": 0.17604732513427734,
      "s024": 0.16254574060440063,
      "s025": 0.22867798805236816,
      "s026": 0.14420640468597412,
      "s027": 0.21725237369537354,
      "s028": 0.18578457832336426,
      "s029": 0.1747664213180542,
      "s030": 0.24275940656661987,
      "s031": 0.14100217819213867,
      "s032": 0.16526061296463013,
      "s033": 0.2264188528060913,
      "s034": 0.19711172580718994,
      "s035": 0.19139385223388672,
      "s036": 0.1702589988708496,
      "s037": 0.163152277469635,
      "s038": 0.1900753378868103,
      "s039": 0.17669451236724854,
      "s040": 0.21407055854797363,
      "s041": 0.23303145170211792,
      "s042": 0.21649223566055298,
      "s043": 0.16145306825637817,
      "s044": 0.161160409450531,
      "s046": 0.1641414761543274,
      "s047": 0.237402081489563,
      "s048": 0.17351239919662476,
      "s049": 0.19876450300216675,
      "s050": 0.12204426527023315,
      "s051": 0.16534626483917236,
      "s052": 0.24989157915115356,
      "s053": 0.203507661819458,
      "s054": 0.16918879747390747,
      "s055": 0.168018639087677,
      "s056": 0.15685248374938965,
      "s057": 0.2167034149169922
    },
    "selected_users": [
      "s002",
      "s003",
      "s004",
      "s005",
      "s007",
      "s008",
      "s010",
      "s011",
      "s012",
      "s013",
      "s015",
      "s016",
      "s017",
      "s018",
      "s019",
      "s020",
      "s021",
      "s022",
      "s024",
      "s025",
      "s026",
      "s027",
      "s028",
      "s029",
      "s030",
      "s031",
      "s032",
      "s033",
      "s034",
      "s035",
      "s036",
      "s037",
      "s038",
      "s039",
      "s040",
      "s041",
      "s042",
      "s043",
      "s044",
      "s046",
      "s047",
      "s048",
      "s049",
      "s050",
      "s051",
      "s052",
      "s053",
      "s054",
      "s055",
      "s056",
      "s057"
    ],
    "threshold_selection_split": "validation"
  },
  "cosine_guarded": {
    "distance": "cosine",
    "policy": "guarded",
    "thresholds": {
      "s002": 0.17563092708587646,
      "s003": 0.17563092708587646,
      "s004": 0.17563092708587646,
      "s005": 0.17563092708587646,
      "s007": 0.17563092708587646,
      "s008": 0.17471200227737427,
      "s010": 0.17563092708587646,
      "s011": 0.17563092708587646,
      "s012": 0.17563092708587646,
      "s013": 0.17563092708587646,
      "s015": 0.17563092708587646,
      "s016": 0.17563092708587646,
      "s017": 0.15491509437561035,
      "s018": 0.17563092708587646,
      "s019": 0.1714523434638977,
      "s020": 0.17563092708587646,
      "s021": 0.17563092708587646,
      "s022": 0.17563092708587646,
      "s024": 0.16254574060440063,
      "s025": 0.17563092708587646,
      "s026": 0.14420640468597412,
      "s027": 0.17563092708587646,
      "s028": 0.17563092708587646,
      "s029": 0.1747664213180542,
      "s030": 0.17563092708587646,
      "s031": 0.17563092708587646,
      "s032": 0.16526061296463013,
      "s033": 0.17563092708587646,
      "s034": 0.17563092708587646,
      "s035": 0.17563092708587646,
      "s036": 0.1702589988708496,
      "s037": 0.17563092708587646,
      "s038": 0.17563092708587646,
      "s039": 0.17563092708587646,
      "s040": 0.17563092708587646,
      "s041": 0.17563092708587646,
      "s042": 0.17563092708587646,
      "s043": 0.16145306825637817,
      "s044": 0.161160409450531,
      "s046": 0.17563092708587646,
      "s047": 0.17563092708587646,
      "s048": 0.17351239919662476,
      "s049": 0.17563092708587646,
      "s050": 0.17563092708587646,
      "s051": 0.17563092708587646,
      "s052": 0.17563092708587646,
      "s053": 0.17563092708587646,
      "s054": 0.17563092708587646,
      "s055": 0.168018639087677,
      "s056": 0.17563092708587646,
      "s057": 0.17563092708587646
    },
    "selected_users": [
      "s008",
      "s017",
      "s019",
      "s024",
      "s026",
      "s029",
      "s032",
      "s036",
      "s043",
      "s044",
      "s048",
      "s055"
    ],
    "threshold_selection_split": "validation"
  },
  "euclidean_global": {
    "distance": "euclidean",
    "policy": "global",
    "thresholds": {
      "s002": 7.667941093444824,
      "s003": 7.667941093444824,
      "s004": 7.667941093444824,
      "s005": 7.667941093444824,
      "s007": 7.667941093444824,
      "s008": 7.667941093444824,
      "s010": 7.667941093444824,
      "s011": 7.667941093444824,
      "s012": 7.667941093444824,
      "s013": 7.667941093444824,
      "s015": 7.667941093444824,
      "s016": 7.667941093444824,
      "s017": 7.667941093444824,
      "s018": 7.667941093444824,
      "s019": 7.667941093444824,
      "s020": 7.667941093444824,
      "s021": 7.667941093444824,
      "s022": 7.667941093444824,
      "s024": 7.667941093444824,
      "s025": 7.667941093444824,
      "s026": 7.667941093444824,
      "s027": 7.667941093444824,
      "s028": 7.667941093444824,
      "s029": 7.667941093444824,
      "s030": 7.667941093444824,
      "s031": 7.667941093444824,
      "s032": 7.667941093444824,
      "s033": 7.667941093444824,
      "s034": 7.667941093444824,
      "s035": 7.667941093444824,
      "s036": 7.667941093444824,
      "s037": 7.667941093444824,
      "s038": 7.667941093444824,
      "s039": 7.667941093444824,
      "s040": 7.667941093444824,