{
  "cosine_global": {
    "distance": "cosine",
    "policy": "global",
    "thresholds": {
      "s002": 0.3553251624107361,
      "s003": 0.3553251624107361,
      "s004": 0.3553251624107361,
      "s005": 0.3553251624107361,
      "s007": 0.3553251624107361,
      "s008": 0.3553251624107361,
      "s010": 0.3553251624107361,
      "s011": 0.3553251624107361,
      "s012": 0.3553251624107361,
      "s013": 0.3553251624107361,
      "s015": 0.3553251624107361,
      "s016": 0.3553251624107361,
      "s017": 0.3553251624107361,
      "s018": 0.3553251624107361,
      "s019": 0.3553251624107361,
      "s020": 0.3553251624107361,
      "s021": 0.3553251624107361,
      "s022": 0.3553251624107361,
      "s024": 0.3553251624107361,
      "s025": 0.3553251624107361,
      "s026": 0.3553251624107361,
      "s027": 0.3553251624107361,
      "s028": 0.3553251624107361,
      "s029": 0.3553251624107361,
      "s030": 0.3553251624107361,
      "s031": 0.3553251624107361,
      "s032": 0.3553251624107361,
      "s033": 0.3553251624107361,
      "s034": 0.3553251624107361,
      "s035": 0.3553251624107361,
      "s036": 0.3553251624107361,
      "s037": 0.3553251624107361,
      "s038": 0.3553251624107361,
      "s039": 0.3553251624107361,
      "s040": 0.3553251624107361,
      "s041": 0.3553251624107361,
      "s042": 0.3553251624107361,
      "s043": 0.3553251624107361,
      "s044": 0.3553251624107361,
      "s046": 0.3553251624107361,
      "s047": 0.3553251624107361,
      "s048": 0.3553251624107361,
      "s049": 0.3553251624107361,
      "s050": 0.3553251624107361,
      "s051": 0.3553251624107361,
      "s052": 0.3553251624107361,
      "s053": 0.3553251624107361,
      "s054": 0.3553251624107361,
      "s055": 0.3553251624107361,
      "s056": 0.3553251624107361,
      "s057": 0.3553251624107361
    },
    "selected_users": [],
    "threshold_selection_split": "validation"
  },
  "cosine_per_user": {
    "distance": "cosine",
    "policy": "per_user",
    "thresholds": {
      "s002": 0.30910152196884155,
      "s003": 0.3020927906036377,
      "s004": 0.31945306062698364,
      "s005": 0.4483588933944702,
      "s007": 0.32919204235076904,
      "s008": 0.3439268469810486,
      "s010": 0.45606696605682373,
      "s011": 0.2516012191772461,
      "s012": 0.3854912519454956,
      "s013": 0.396678626537323,
      "s015": 0.294394314289093,
      "s016": 0.5878618955612183,
      "s017": 0.3779144883155823,
      "s018": 0.36754244565963745,
      "s019": 0.5286260843276978,
      "s020": 0.2946833372116089,
      "s021": 0.4409223198890686,
      "s022": 0.47416794300079346,
      "s024": 0.4685572385787964,
      "s025": 0.6173796653747559,
      "s026": 0.3336755633354187,
      "s027": 0.5038936138153076,
      "s028": 0.36466944217681885,
      "s029": 0.4238739013671875,
      "s030": 0.44654572010040283,
      "s031": 0.5136292576789856,
      "s032": 0.312097430229187,
      "s033": 0.4953347444534302,
      "s034": 0.42389053106307983,
      "s035": 0.5017861723899841,
      "s036": 0.46170902252197266,
      "s037": 0.41517531871795654,
      "s038": 0.43487298488616943,
      "s039": 0.3882070779800415,
      "s040": 0.46660929918289185,
      "s041": 0.45839834213256836,
      "s042": 0.5295523405075073,
      "s043": 0.41331762075424194,
      "s044": 0.44785475730895996,
      "s046": 0.4156290888786316,
      "s047": 0.533858060836792,
      "s048": 0.24963617324829102,
      "s049": 0.6020078659057617,
      "s050": 0.34460657835006714,
      "s051": 0.3778666853904724,
      "s052": 0.5650779008865356,
      "s053": 0.3666805028915405,
      "s054": 0.2975955605506897,
      "s055": 0.25887149572372437,
      "s056": 0.3434842824935913,
      "s057": 0.27059024572372437
    },
    "selected_users": [
      "s002",
      "s003",
      "s004",
      "s005",
      "s007",
      "s008",
      "s010",
      "s011",
      "s012",
      "s013",
      "s015",
      "s016",
      "s017",
      "s018",
      "s019",
      "s020",
      "s021",
      "s022",
      "s024",
      "s025",
      "s026",
      "s027",
      "s028",
      "s029",
      "s030",
      "s031",
      "s032",
      "s033",
      "s034",
      "s035",
      "s036",
      "s037",
      "s038",
      "s039",
      "s040",
      "s041",
      "s042",
      "s043",
      "s044",
      "s046",
      "s047",
      "s048",
      "s049",
      "s050",
      "s051",
      "s052",
      "s053",
      "s054",
      "s055",
      "s056",
      "s057"
    ],
    "threshold_selection_split": "validation"
  },
  "cosine_guarded": {
    "distance": "cosine",
    "policy": "guarded",
    "thresholds": {
      "s002": 0.3553251624107361,
      "s003": 0.3553251624107361,
      "s004": 0.3553251624107361,
      "s005": 0.3553251624107361,
      "s007": 0.3553251624107361,
      "s008": 0.3439268469810486,
      "s010": 0.3553251624107361,
      "s011": 0.3553251624107361,
      "s012": 0.3553251624107361,
      "s013": 0.3553251624107361,
      "s015": 0.3553251624107361,
      "s016": 0.3553251624107361,
      "s017": 0.3553251624107361,
      "s018": 0.3553251624107361,
      "s019": 0.3553251624107361,
      "s020": 0.3553251624107361,
      "s021": 0.3553251624107361,
      "s022": 0.3553251624107361,
      "s024": 0.3553251624107361,
      "s025": 0.3553251624107361,
      "s026": 0.3553251624107361,
      "s027": 0.3553251624107361,
      "s028": 0.3553251624107361,
      "s029": 0.3553251624107361,
      "s030": 0.3553251624107361,
      "s031": 0.3553251624107361,
      "s032": 0.312097430229187,
      "s033": 0.3553251624107361,
      "s034": 0.3553251624107361,
      "s035": 0.3553251624107361,
      "s036": 0.3553251624107361,
      "s037": 0.3553251624107361,
      "s038": 0.3553251624107361,
      "s039": 0.3553251624107361,
      "s040": 0.3553251624107361,
      "s041": 0.3553251624107361,
      "s042": 0.3553251624107361,
      "s043": 0.3553251624107361,
      "s044": 0.3553251624107361,
      "s046": 0.3553251624107361,
      "s047": 0.3553251624107361,
      "s048": 0.3553251624107361,
      "s049": 0.3553251624107361,
      "s050": 0.34460657835006714,
      "s051": 0.3553251624107361,
      "s052": 0.3553251624107361,
      "s053": 0.3553251624107361,
      "s054": 0.3553251624107361,
      "s055": 0.3553251624107361,
      "s056": 0.3434842824935913,
      "s057": 0.3553251624107361
    },
    "selected_users": [
      "s008",
      "s032",
      "s050",
      "s056"
    ],
    "threshold_selection_split": "validation"
  },
  "euclidean_global": {
    "distance": "euclidean",
    "policy": "global",
    "thresholds": {
      "s002": 0.7739083766937256,
      "s003": 0.7739083766937256,
      "s004": 0.7739083766937256,
      "s005": 0.7739083766937256,
      "s007": 0.7739083766937256,
      "s008": 0.7739083766937256,
      "s010": 0.7739083766937256,
      "s011": 0.7739083766937256,
      "s012": 0.7739083766937256,
      "s013": 0.7739083766937256,
      "s015": 0.7739083766937256,
      "s016": 0.7739083766937256,
      "s017": 0.7739083766937256,
      "s018": 0.7739083766937256,
      "s019": 0.7739083766937256,
      "s020": 0.7739083766937256,
      "s021": 0.7739083766937256,
      "s022": 0.7739083766937256,
      "s024": 0.7739083766937256,
      "s025": 0.7739083766937256,
      "s026": 0.7739083766937256,
      "s027": 0.7739083766937256,
      "s028": 0.7739083766937256,
      "s029": 0.7739083766937256,
      "s030": 0.7739083766937256,
      "s031": 0.7739083766937256,
      "s032": 0.7739083766937256,
      "s033": 0.7739083766937256,
      "s034": 0.7739083766937256,
      "s035": 0.7739083766937256,
      "s036": 0.7739083766937256,
      "s037": 0.7739083766937256,
      "s038": 0.7739083766937256,
      "s039": 0.7739083766937256,
      "s040": 0.7739083766937256,
      "s041": 0.7739083766937256,
      "s042": 0.7739083766937256,
      "s043": 0.7739083766937256,
      "s044": 0.7739083766937256,
      "s046": 0.7739083766937256,