architecture,hidden_layers,dropout_rate,batch_norm,params,epochs_run,best_validation_accuracy,final_train_accuracy,final_validation_accuracy,test_loss,test_accuracy,eer,eer_threshold,target_far,threshold_at_target_far,actual_far,actual_frr
mlp_64,64,0.2,False,5363,20,0.8566176295280457,0.8307291865348816,0.8566176295280457,0.4802604019641876,0.8703431487083435,0.02600735294117648,0.034141797572374344,0.01,0.10786823183298111,0.010004901960784313,0.055392156862745096
mlp_128_64,128-64,0.2,False,15667,20,0.8863357901573181,0.8446691036224365,0.8863357901573181,0.36202698945999146,0.8946078419685364,0.019683823529411785,0.02931329794228077,0.01,0.07347620278596878,0.010004901960784313,0.033823529411764704
mlp_256_128,256-128,0.3,False,47667,20,0.9077818393707275,0.8785232901573181,0.9077818393707275,0.30921339988708496,0.9093137383460999,0.01648039215686277,0.025447826832532883,0.01,0.05386438965797424,0.010004901960784313,0.025245098039215687
mlp_128_64_dropout,128-64,0.35,False,15667,20,0.8716298937797546,0.7659313678741455,0.8716298937797546,0.4403481185436249,0.8801470398902893,0.022786764705882367,0.03940213844180107,0.01,0.0992736741900444,0.010004901960784313,0.04485294117647059
mlp_128_64_batchnorm,128-64,0.2,True,16243,20,0.9090073704719543,0.859987735748291,0.9090073704719543,0.303182452917099,0.9178921580314636,0.017142156862745124,0.027535224333405495,0.01,0.0586082898080349,0.010004901960784313,0.025245098039215687
