{
  "cosine_global": {
    "distance": "cosine",
    "policy": "global",
    "thresholds": {
      "s002": 0.13909399509429932,
      "s003": 0.13909399509429932,
      "s004": 0.13909399509429932,
      "s005": 0.13909399509429932,
      "s007": 0.13909399509429932,
      "s008": 0.13909399509429932,
      "s010": 0.13909399509429932,
      "s011": 0.13909399509429932,
      "s012": 0.13909399509429932,
      "s013": 0.13909399509429932,
      "s015": 0.13909399509429932,
      "s016": 0.13909399509429932,
      "s017": 0.13909399509429932,
      "s018": 0.13909399509429932,
      "s019": 0.13909399509429932,
      "s020": 0.13909399509429932,
      "s021": 0.13909399509429932,
      "s022": 0.13909399509429932,
      "s024": 0.13909399509429932,
      "s025": 0.13909399509429932,
      "s026": 0.13909399509429932,
      "s027": 0.13909399509429932,
      "s028": 0.13909399509429932,
      "s029": 0.13909399509429932,
      "s030": 0.13909399509429932,
      "s031": 0.13909399509429932,
      "s032": 0.13909399509429932,
      "s033": 0.13909399509429932,
      "s034": 0.13909399509429932,
      "s035": 0.13909399509429932,
      "s036": 0.13909399509429932,
      "s037": 0.13909399509429932,
      "s038": 0.13909399509429932,
      "s039": 0.13909399509429932,
      "s040": 0.13909399509429932,
      "s041": 0.13909399509429932,
      "s042": 0.13909399509429932,
      "s043": 0.13909399509429932,
      "s044": 0.13909399509429932,
      "s046": 0.13909399509429932,
      "s047": 0.13909399509429932,
      "s048": 0.13909399509429932,
      "s049": 0.13909399509429932,
      "s050": 0.13909399509429932,
      "s051": 0.13909399509429932,
      "s052": 0.13909399509429932,
      "s053": 0.13909399509429932,
      "s054": 0.13909399509429932,
      "s055": 0.13909399509429932,
      "s056": 0.13909399509429932,
      "s057": 0.13909399509429932
    },
    "selected_users": [],
    "threshold_selection_split": "validation"
  },
  "cosine_per_user": {
    "distance": "cosine",
    "policy": "per_user",
    "thresholds": {
      "s002": 0.13124138116836548,
      "s003": 0.10370343923568726,
      "s004": 0.11988413333892822,
      "s005": 0.13491976261138916,
      "s007": 0.11902093887329102,
      "s008": 0.12131351232528687,
      "s010": 0.13859248161315918,
      "s011": 0.12342369556427002,
      "s012": 0.12678396701812744,
      "s013": 0.13120037317276,
      "s015": 0.1263177990913391,
      "s016": 0.27636194229125977,
      "s017": 0.14717423915863037,
      "s018": 0.13985496759414673,
      "s019": 0.2522052526473999,
      "s020": 0.12171196937561035,
      "s021": 0.14397358894348145,
      "s022": 0.16298329830169678,
      "s024": 0.16406923532485962,
      "s025": 0.18329930305480957,
      "s026": 0.12656915187835693,
      "s027": 0.27998852729797363,
      "s028": 0.16499310731887817,
      "s029": 0.13347452878952026,
      "s030": 0.17861700057983398,
      "s031": 0.11248046159744263,
      "s032": 0.11718535423278809,
      "s033": 0.26790833473205566,
      "s034": 0.13965272903442383,
      "s035": 0.16151762008666992,
      "s036": 0.289287805557251,
      "s037": 0.14140379428863525,
      "s038": 0.15742039680480957,
      "s039": 0.16530102491378784,
      "s040": 0.13887983560562134,
      "s041": 0.14619290828704834,
      "s042": 0.43772202730178833,
      "s043": 0.2090417742729187,
      "s044": 0.20806986093521118,
      "s046": 0.14086395502090454,
      "s047": 0.20208358764648438,
      "s048": 0.13067644834518433,
      "s049": 0.21430093050003052,
      "s050": 0.11821961402893066,
      "s051": 0.1349237561225891,
      "s052": 0.7206992506980896,
      "s053": 0.41546154022216797,
      "s054": 0.16691923141479492,
      "s055": 0.14583277702331543,
      "s056": 0.14134877920150757,
      "s057": 0.13999223709106445
    },
    "selected_users": [
      "s002",
      "s003",
      "s004",
      "s005",
      "s007",
      "s008",
      "s010",
      "s011",
      "s012",
      "s013",
      "s015",
      "s016",
      "s017",
      "s018",
      "s019",
      "s020",
      "s021",
      "s022",
      "s024",
      "s025",
      "s026",
      "s027",
      "s028",
      "s029",
      "s030",
      "s031",
      "s032",
      "s033",
      "s034",
      "s035",
      "s036",
      "s037",
      "s038",
      "s039",
      "s040",
      "s041",
      "s042",
      "s043",
      "s044",
      "s046",
      "s047",
      "s048",
      "s049",
      "s050",
      "s051",
      "s052",
      "s053",
      "s054",
      "s055",
      "s056",
      "s057"
    ],
    "threshold_selection_split": "validation"
  },
  "cosine_guarded": {
    "distance": "cosine",
    "policy": "guarded",
    "thresholds": {
      "s002": 0.13124138116836548,
      "s003": 0.13909399509429932,
      "s004": 0.13909399509429932,
      "s005": 0.13491976261138916,
      "s007": 0.13909399509429932,
      "s008": 0.13909399509429932,
      "s010": 0.13859248161315918,
      "s011": 0.13909399509429932,
      "s012": 0.13909399509429932,
      "s013": 0.13909399509429932,
      "s015": 0.13909399509429932,
      "s016": 0.13909399509429932,
      "s017": 0.13909399509429932,
      "s018": 0.13909399509429932,
      "s019": 0.13909399509429932,
      "s020": 0.13909399509429932,
      "s021": 0.13909399509429932,
      "s022": 0.13909399509429932,
      "s024": 0.13909399509429932,
      "s025": 0.13909399509429932,
      "s026": 0.13909399509429932,
      "s027": 0.13909399509429932,
      "s028": 0.13909399509429932,
      "s029": 0.13909399509429932,
      "s030": 0.13909399509429932,
      "s031": 0.13909399509429932,
      "s032": 0.13909399509429932,
      "s033": 0.13909399509429932,
      "s034": 0.13909399509429932,
      "s035": 0.13909399509429932,
      "s036": 0.13909399509429932,
      "s037": 0.13909399509429932,
      "s038": 0.13909399509429932,
      "s039": 0.13909399509429932,
      "s040": 0.13887983560562134,
      "s041": 0.13909399509429932,
      "s042": 0.13909399509429932,
      "s043": 0.13909399509429932,
      "s044": 0.13909399509429932,
      "s046": 0.13909399509429932,
      "s047": 0.13909399509429932,
      "s048": 0.13909399509429932,
      "s049": 0.13909399509429932,
      "s050": 0.13909399509429932,
      "s051": 0.13909399509429932,
      "s052": 0.13909399509429932,
      "s053": 0.13909399509429932,
      "s054": 0.13909399509429932,
      "s055": 0.13909399509429932,
      "s056": 0.13909399509429932,
      "s057": 0.13909399509429932
    },
    "selected_users": [
      "s002",
      "s005",
      "s010",
      "s040"
    ],
    "threshold_selection_split": "validation"
  },
  "euclidean_global": {
    "distance": "euclidean",
    "policy": "global",
    "thresholds": {
      "s002": 0.5098735094070435,
      "s003": 0.5098735094070435,
      "s004": 0.5098735094070435,
      "s005": 0.5098735094070435,
      "s007": 0.5098735094070435,
      "s008": 0.5098735094070435,
      "s010": 0.5098735094070435,
      "s011": 0.5098735094070435,
      "s012": 0.5098735094070435,
      "s013": 0.5098735094070435,
      "s015": 0.5098735094070435,
      "s016": 0.5098735094070435,
      "s017": 0.5098735094070435,
      "s018": 0.5098735094070435,
      "s019": 0.5098735094070435,
      "s020": 0.5098735094070435,
      "s021": 0.5098735094070435,
      "s022": 0.5098735094070435,
      "s024": 0.5098735094070435,
      "s025": 0.5098735094070435,
      "s026": 0.5098735094070435,
      "s027": 0.5098735094070435,
      "s028": 0.5098735094070435,
      "s029": 0.5098735094070435,
      "s030": 0.5098735094070435,
      "s031": 0.5098735094070435,
      "s032": 0.5098735094070435,
      "s033": 0.5098735094070435,
      "s034": 0.5098735094070435,
      "s035": 0.5098735094070435,
      "s036": 0.5098735094070435,
      "s037": 0.5098735094070435,
      "s038": 0.5098735094070435,
      "s039": 0.5098735094070435,
      "s040": 0.5098735094070435,
      "s041": 0.5098735094070435,