{
  "cosine_global": {
    "distance": "cosine",
    "policy": "global",
    "thresholds": {
      "s002": 0.005202889442443848,
      "s003": 0.005202889442443848,
      "s004": 0.005202889442443848,
      "s005": 0.005202889442443848,
      "s007": 0.005202889442443848,
      "s008": 0.005202889442443848,
      "s010": 0.005202889442443848,
      "s011": 0.005202889442443848,
      "s012": 0.005202889442443848,
      "s013": 0.005202889442443848,
      "s015": 0.005202889442443848,
      "s016": 0.005202889442443848,
      "s017": 0.005202889442443848,
      "s018": 0.005202889442443848,
      "s019": 0.005202889442443848,
      "s020": 0.005202889442443848,
      "s021": 0.005202889442443848,
      "s022": 0.005202889442443848,
      "s024": 0.005202889442443848,
      "s025": 0.005202889442443848,
      "s026": 0.005202889442443848,
      "s027": 0.005202889442443848,
      "s028": 0.005202889442443848,
      "s029": 0.005202889442443848,
      "s030": 0.005202889442443848,
      "s031": 0.005202889442443848,
      "s032": 0.005202889442443848,
      "s033": 0.005202889442443848,
      "s034": 0.005202889442443848,
      "s035": 0.005202889442443848,
      "s036": 0.005202889442443848,
      "s037": 0.005202889442443848,
      "s038": 0.005202889442443848,
      "s039": 0.005202889442443848,
      "s040": 0.005202889442443848,
      "s041": 0.005202889442443848,
      "s042": 0.005202889442443848,
      "s043": 0.005202889442443848,
      "s044": 0.005202889442443848,
      "s046": 0.005202889442443848,
      "s047": 0.005202889442443848,
      "s048": 0.005202889442443848,
      "s049": 0.005202889442443848,
      "s050": 0.005202889442443848,
      "s051": 0.005202889442443848,
      "s052": 0.005202889442443848,
      "s053": 0.005202889442443848,
      "s054": 0.005202889442443848,
      "s055": 0.005202889442443848,
      "s056": 0.005202889442443848,
      "s057": 0.005202889442443848
    },
    "selected_users": [],
    "threshold_selection_split": "validation"
  },
  "cosine_per_user": {
    "distance": "cosine",
    "policy": "per_user",
    "thresholds": {
      "s002": 0.006774723529815674,
      "s003": 0.005900263786315918,
      "s004": 0.008383452892303467,
      "s005": 0.0037901997566223145,
      "s007": 0.0022661685943603516,
      "s008": 0.004897952079772949,
      "s010": 0.01230478286743164,
      "s011": 0.005343735218048096,
      "s012": 0.0026813745498657227,
      "s013": 0.007835209369659424,
      "s015": 0.008628606796264648,
      "s016": 0.017467856407165527,
      "s017": 0.003548264503479004,
      "s018": 0.0038527846336364746,
      "s019": 0.008606016635894775,
      "s020": 0.0048316121101379395,
      "s021": 0.009647488594055176,
      "s022": 0.0006383657455444336,
      "s024": 0.006838440895080566,
      "s025": 0.015462398529052734,
      "s026": 0.008100450038909912,
      "s027": 0.011638283729553223,
      "s028": 0.003412902355194092,
      "s029": 0.0036543607711791992,
      "s030": 0.014670908451080322,
      "s031": 0.007753193378448486,
      "s032": 0.007609069347381592,
      "s033": 0.007231235504150391,
      "s034": 0.008700668811798096,
      "s035": 0.006442904472351074,
      "s036": 0.0006647706031799316,
      "s037": 0.006783127784729004,
      "s038": 0.012189686298370361,
      "s039": 0.00504833459854126,
      "s040": 0.004842400550842285,
      "s041": 0.002933323383331299,
      "s042": 0.02385568618774414,
      "s043": 0.0024226903915405273,
      "s044": 0.006909310817718506,
      "s046": 0.004872024059295654,
      "s047": 0.00929194688796997,
      "s048": 0.008492827415466309,
      "s049": 0.00806128978729248,
      "s050": 0.0029300451278686523,
      "s051": 0.004196882247924805,
      "s052": 0.021653294563293457,
      "s053": 0.012803137302398682,
      "s054": 0.008013129234313965,
      "s055": 0.004618644714355469,
      "s056": 0.004165351390838623,
      "s057": 0.006993234157562256
    },
    "selected_users": [
      "s002",
      "s003",
      "s004",
      "s005",
      "s007",
      "s008",
      "s010",
      "s011",
      "s012",
      "s013",
      "s015",
      "s016",
      "s017",
      "s018",
      "s019",
      "s020",
      "s021",
      "s022",
      "s024",
      "s025",
      "s026",
      "s027",
      "s028",
      "s029",
      "s030",
      "s031",
      "s032",
      "s033",
      "s034",
      "s035",
      "s036",
      "s037",
      "s038",
      "s039",
      "s040",
      "s041",
      "s042",
      "s043",
      "s044",
      "s046",
      "s047",
      "s048",
      "s049",
      "s050",
      "s051",
      "s052",
      "s053",
      "s054",
      "s055",
      "s056",
      "s057"
    ],
    "threshold_selection_split": "validation"
  },
  "cosine_guarded": {
    "distance": "cosine",
    "policy": "guarded",
    "thresholds": {
      "s002": 0.005202889442443848,
      "s003": 0.005202889442443848,
      "s004": 0.005202889442443848,
      "s005": 0.005202889442443848,
      "s007": 0.005202889442443848,
      "s008": 0.005202889442443848,
      "s010": 0.005202889442443848,
      "s011": 0.005202889442443848,
      "s012": 0.005202889442443848,
      "s013": 0.005202889442443848,
      "s015": 0.005202889442443848,
      "s016": 0.005202889442443848,
      "s017": 0.005202889442443848,
      "s018": 0.005202889442443848,
      "s019": 0.005202889442443848,
      "s020": 0.005202889442443848,
      "s021": 0.005202889442443848,
      "s022": 0.005202889442443848,
      "s024": 0.005202889442443848,
      "s025": 0.005202889442443848,
      "s026": 0.005202889442443848,
      "s027": 0.005202889442443848,
      "s028": 0.005202889442443848,
      "s029": 0.005202889442443848,
      "s030": 0.005202889442443848,
      "s031": 0.005202889442443848,
      "s032": 0.005202889442443848,
      "s033": 0.005202889442443848,
      "s034": 0.005202889442443848,
      "s035": 0.005202889442443848,
      "s036": 0.005202889442443848,
      "s037": 0.005202889442443848,
      "s038": 0.005202889442443848,
      "s039": 0.00504833459854126,
      "s040": 0.004842400550842285,
      "s041": 0.005202889442443848,
      "s042": 0.005202889442443848,
      "s043": 0.005202889442443848,
      "s044": 0.005202889442443848,
      "s046": 0.005202889442443848,
      "s047": 0.005202889442443848,
      "s048": 0.005202889442443848,
      "s049": 0.005202889442443848,
      "s050": 0.005202889442443848,
      "s051": 0.005202889442443848,
      "s052": 0.005202889442443848,
      "s053": 0.005202889442443848,
      "s054": 0.005202889442443848,
      "s055": 0.005202889442443848,
      "s056": 0.005202889442443848,
      "s057": 0.005202889442443848
    },
    "selected_users": [
      "s039",
      "s040"
    ],
    "threshold_selection_split": "validation"
  },
  "euclidean_global": {
    "distance": "euclidean",
    "policy": "global",
    "thresholds": {
      "s002": 0.10187650471925735,
      "s003": 0.10187650471925735,
      "s004": 0.10187650471925735,
      "s005": 0.10187650471925735,
      "s007": 0.10187650471925735,
      "s008": 0.10187650471925735,
      "s010": 0.10187650471925735,
      "s011": 0.10187650471925735,
      "s012": 0.10187650471925735,
      "s013": 0.10187650471925735,
      "s015": 0.10187650471925735,
      "s016": 0.10187650471925735,
      "s017": 0.10187650471925735,
      "s018": 0.10187650471925735,
      "s019": 0.10187650471925735,
      "s020": 0.10187650471925735,
      "s021": 0.10187650471925735,
      "s022": 0.10187650471925735,
      "s024": 0.10187650471925735,
      "s025": 0.10187650471925735,
      "s026": 0.10187650471925735,
      "s027": 0.10187650471925735,
      "s028": 0.10187650471925735,
      "s029": 0.10187650471925735,
      "s030": 0.10187650471925735,
      "s031": 0.10187650471925735,
      "s032": 0.10187650471925735,
      "s033": 0.10187650471925735,
      "s034": 0.10187650471925735,
      "s035": 0.10187650471925735,
      "s036": 0.10187650471925735,