{
  "cosine_global": {
    "distance": "cosine",
    "policy": "global",
    "thresholds": {
      "s002": 0.028240978717803955,
      "s003": 0.028240978717803955,
      "s004": 0.028240978717803955,
      "s005": 0.028240978717803955,
      "s007": 0.028240978717803955,
      "s008": 0.028240978717803955,
      "s010": 0.028240978717803955,
      "s011": 0.028240978717803955,
      "s012": 0.028240978717803955,
      "s013": 0.028240978717803955,
      "s015": 0.028240978717803955,
      "s016": 0.028240978717803955,
      "s017": 0.028240978717803955,
      "s018": 0.028240978717803955,
      "s019": 0.028240978717803955,
      "s020": 0.028240978717803955,
      "s021": 0.028240978717803955,
      "s022": 0.028240978717803955,
      "s024": 0.028240978717803955,
      "s025": 0.028240978717803955,
      "s026": 0.028240978717803955,
      "s027": 0.028240978717803955,
      "s028": 0.028240978717803955,
      "s029": 0.028240978717803955,
      "s030": 0.028240978717803955,
      "s031": 0.028240978717803955,
      "s032": 0.028240978717803955,
      "s033": 0.028240978717803955,
      "s034": 0.028240978717803955,
      "s035": 0.028240978717803955,
      "s036": 0.028240978717803955,
      "s037": 0.028240978717803955,
      "s038": 0.028240978717803955,
      "s039": 0.028240978717803955,
      "s040": 0.028240978717803955,
      "s041": 0.028240978717803955,
      "s042": 0.028240978717803955,
      "s043": 0.028240978717803955,
      "s044": 0.028240978717803955,
      "s046": 0.028240978717803955,
      "s047": 0.028240978717803955,
      "s048": 0.028240978717803955,
      "s049": 0.028240978717803955,
      "s050": 0.028240978717803955,
      "s051": 0.028240978717803955,
      "s052": 0.028240978717803955,
      "s053": 0.028240978717803955,
      "s054": 0.028240978717803955,
      "s055": 0.028240978717803955,
      "s056": 0.028240978717803955,
      "s057": 0.028240978717803955
    },
    "selected_users": [],
    "threshold_selection_split": "validation"
  },
  "cosine_per_user": {
    "distance": "cosine",
    "policy": "per_user",
    "thresholds": {
      "s002": 0.02712428569793701,
      "s003": 0.02513420581817627,
      "s004": 0.026232004165649414,
      "s005": 0.02882903814315796,
      "s007": 0.023163139820098877,
      "s008": 0.02350848913192749,
      "s010": 0.03509652614593506,
      "s011": 0.03006643056869507,
      "s012": 0.030953943729400635,
      "s013": 0.03096407651901245,
      "s015": 0.026051342487335205,
      "s016": 0.06840157508850098,
      "s017": 0.03565114736557007,
      "s018": 0.032879650592803955,
      "s019": 0.05079293251037598,
      "s020": 0.027421116828918457,
      "s021": 0.026451528072357178,
      "s022": 0.043149352073669434,
      "s024": 0.033971190452575684,
      "s025": 0.034766554832458496,
      "s026": 0.0235784649848938,
      "s027": 0.03846251964569092,
      "s028": 0.035489797592163086,
      "s029": 0.02582395076751709,
      "s030": 0.029628753662109375,
      "s031": 0.021683216094970703,
      "s032": 0.02213442325592041,
      "s033": 0.062466561794281006,
      "s034": 0.028146564960479736,
      "s035": 0.029995381832122803,
      "s036": 0.07749289274215698,
      "s037": 0.024487793445587158,
      "s038": 0.028706133365631104,
      "s039": 0.032576918601989746,
      "s040": 0.025398731231689453,
      "s041": 0.03558337688446045,
      "s042": 0.06295013427734375,
      "s043": 0.042329609394073486,
      "s044": 0.03455030918121338,
      "s046": 0.029416918754577637,
      "s047": 0.031242966651916504,
      "s048": 0.0283505916595459,
      "s049": 0.042563021183013916,
      "s050": 0.025813937187194824,
      "s051": 0.027781903743743896,
      "s052": 0.9158792495727539,
      "s053": 0.04874533414840698,
      "s054": 0.02719879150390625,
      "s055": 0.03411668539047241,
      "s056": 0.026744842529296875,
      "s057": 0.026108741760253906
    },
    "selected_users": [
      "s002",
      "s003",
      "s004",
      "s005",
      "s007",
      "s008",
      "s010",
      "s011",
      "s012",
      "s013",
      "s015",
      "s016",
      "s017",
      "s018",
      "s019",
      "s020",
      "s021",
      "s022",
      "s024",
      "s025",
      "s026",
      "s027",
      "s028",
      "s029",
      "s030",
      "s031",
      "s032",
      "s033",
      "s034",
      "s035",
      "s036",
      "s037",
      "s038",
      "s039",
      "s040",
      "s041",
      "s042",
      "s043",
      "s044",
      "s046",
      "s047",
      "s048",
      "s049",
      "s050",
      "s051",
      "s052",
      "s053",
      "s054",
      "s055",
      "s056",
      "s057"
    ],
    "threshold_selection_split": "validation"
  },
  "cosine_guarded": {
    "distance": "cosine",
    "policy": "guarded",
    "thresholds": {
      "s002": 0.028240978717803955,
      "s003": 0.028240978717803955,
      "s004": 0.028240978717803955,
      "s005": 0.028240978717803955,
      "s007": 0.028240978717803955,
      "s008": 0.028240978717803955,
      "s010": 0.028240978717803955,
      "s011": 0.028240978717803955,
      "s012": 0.028240978717803955,
      "s013": 0.028240978717803955,
      "s015": 0.028240978717803955,
      "s016": 0.028240978717803955,
      "s017": 0.028240978717803955,
      "s018": 0.028240978717803955,
      "s019": 0.028240978717803955,
      "s020": 0.027421116828918457,
      "s021": 0.028240978717803955,
      "s022": 0.028240978717803955,
      "s024": 0.028240978717803955,
      "s025": 0.028240978717803955,
      "s026": 0.028240978717803955,
      "s027": 0.028240978717803955,
      "s028": 0.028240978717803955,
      "s029": 0.028240978717803955,
      "s030": 0.028240978717803955,
      "s031": 0.028240978717803955,
      "s032": 0.028240978717803955,
      "s033": 0.028240978717803955,
      "s034": 0.028146564960479736,
      "s035": 0.028240978717803955,
      "s036": 0.028240978717803955,
      "s037": 0.028240978717803955,
      "s038": 0.028240978717803955,
      "s039": 0.028240978717803955,
      "s040": 0.028240978717803955,
      "s041": 0.028240978717803955,
      "s042": 0.028240978717803955,
      "s043": 0.028240978717803955,
      "s044": 0.028240978717803955,
      "s046": 0.028240978717803955,
      "s047": 0.028240978717803955,
      "s048": 0.028240978717803955,
      "s049": 0.028240978717803955,
      "s050": 0.028240978717803955,
      "s051": 0.027781903743743896,
      "s052": 0.028240978717803955,
      "s053": 0.028240978717803955,
      "s054": 0.02719879150390625,
      "s055": 0.028240978717803955,
      "s056": 0.028240978717803955,
      "s057": 0.028240978717803955
    },
    "selected_users": [
      "s020",
      "s034",
      "s051",
      "s054"
    ],
    "threshold_selection_split": "validation"
  },
  "euclidean_global": {
    "distance": "euclidean",
    "policy": "global",
    "thresholds": {
      "s002": 0.23606301844120026,
      "s003": 0.23606301844120026,
      "s004": 0.23606301844120026,
      "s005": 0.23606301844120026,
      "s007": 0.23606301844120026,
      "s008": 0.23606301844120026,
      "s010": 0.23606301844120026,
      "s011": 0.23606301844120026,
      "s012": 0.23606301844120026,
      "s013": 0.23606301844120026,
      "s015": 0.23606301844120026,
      "s016": 0.23606301844120026,
      "s017": 0.23606301844120026,
      "s018": 0.23606301844120026,
      "s019": 0.23606301844120026,
      "s020": 0.23606301844120026,
      "s021": 0.23606301844120026,
      "s022": 0.23606301844120026,
      "s024": 0.23606301844120026,
      "s025": 0.23606301844120026,
      "s026": 0.23606301844120026,
      "s027": 0.23606301844120026,
      "s028": 0.23606301844120026,
      "s029": 0.23606301844120026,
      "s030": 0.23606301844120026,
      "s031": 0.23606301844120026,
      "s032": 0.23606301844120026,
      "s033": 0.23606301844120026,
      "s034": 0.23606301844120026,
      "s035": 0.23606301844120026,
      "s036": 0.23606301844120026,