{
  "cosine_global": {
    "distance": "cosine",
    "policy": "global",
    "thresholds": {
      "s002": 0.032324135303497314,
      "s003": 0.032324135303497314,
      "s004": 0.032324135303497314,
      "s005": 0.032324135303497314,
      "s007": 0.032324135303497314,
      "s008": 0.032324135303497314,
      "s010": 0.032324135303497314,
      "s011": 0.032324135303497314,
      "s012": 0.032324135303497314,
      "s013": 0.032324135303497314,
      "s015": 0.032324135303497314,
      "s016": 0.032324135303497314,
      "s017": 0.032324135303497314,
      "s018": 0.032324135303497314,
      "s019": 0.032324135303497314,
      "s020": 0.032324135303497314,
      "s021": 0.032324135303497314,
      "s022": 0.032324135303497314,
      "s024": 0.032324135303497314,
      "s025": 0.032324135303497314,
      "s026": 0.032324135303497314,
      "s027": 0.032324135303497314,
      "s028": 0.032324135303497314,
      "s029": 0.032324135303497314,
      "s030": 0.032324135303497314,
      "s031": 0.032324135303497314,
      "s032": 0.032324135303497314,
      "s033": 0.032324135303497314,
      "s034": 0.032324135303497314,
      "s035": 0.032324135303497314,
      "s036": 0.032324135303497314,
      "s037": 0.032324135303497314,
      "s038": 0.032324135303497314,
      "s039": 0.032324135303497314,
      "s040": 0.032324135303497314,
      "s041": 0.032324135303497314,
      "s042": 0.032324135303497314,
      "s043": 0.032324135303497314,
      "s044": 0.032324135303497314,
      "s046": 0.032324135303497314,
      "s047": 0.032324135303497314,
      "s048": 0.032324135303497314,
      "s049": 0.032324135303497314,
      "s050": 0.032324135303497314,
      "s051": 0.032324135303497314,
      "s052": 0.032324135303497314,
      "s053": 0.032324135303497314,
      "s054": 0.032324135303497314,
      "s055": 0.032324135303497314,
      "s056": 0.032324135303497314,
      "s057": 0.032324135303497314
    },
    "selected_users": [],
    "threshold_selection_split": "validation"
  },
  "cosine_per_user": {
    "distance": "cosine",
    "policy": "per_user",
    "thresholds": {
      "s002": 0.10412156581878662,
      "s003": 0.014970064163208008,
      "s004": 0.019722461700439453,
      "s005": 0.02201169729232788,
      "s007": 0.010196447372436523,
      "s008": 0.03438836336135864,
      "s010": 0.054878294467926025,
      "s011": 0.05952763557434082,
      "s012": 0.01378852128982544,
      "s013": 0.05009251832962036,
      "s015": 0.11814665794372559,
      "s016": 0.0878974199295044,
      "s017": 0.013596951961517334,
      "s018": 0.03834986686706543,
      "s019": 0.03925001621246338,
      "s020": 0.05275869369506836,
      "s021": 0.08027106523513794,
      "s022": 0.005329132080078125,
      "s024": 0.019369065761566162,
      "s025": 0.11483395099639893,
      "s026": 0.15520364046096802,
      "s027": 0.03948265314102173,
      "s028": 0.025333702564239502,
      "s029": 0.026893198490142822,
      "s030": 0.10352480411529541,
      "s031": 0.12288248538970947,
      "s032": 0.06868278980255127,
      "s033": 0.1067039966583252,
      "s034": 0.08953040838241577,
      "s035": 0.02248704433441162,
      "s036": 0.002756774425506592,
      "s037": 0.03290379047393799,
      "s038": 0.08728164434432983,
      "s039": 0.03498131036758423,
      "s040": 0.07038801908493042,
      "s041": 0.021606624126434326,
      "s042": 0.36061030626296997,
      "s043": 0.0031138062477111816,
      "s044": 0.02179664373397827,
      "s046": 0.028332650661468506,
      "s047": 0.15757256746292114,
      "s048": 0.10583740472793579,
      "s049": 0.04760485887527466,
      "s050": 0.03448343276977539,
      "s051": 0.016977667808532715,
      "s052": 0.11881881952285767,
      "s053": 0.06799471378326416,
      "s054": 0.0786023736000061,
      "s055": 0.029559671878814697,
      "s056": 0.012951254844665527,
      "s057": 0.027102649211883545
    },
    "selected_users": [
      "s002",
      "s003",
      "s004",
      "s005",
      "s007",
      "s008",
      "s010",
      "s011",
      "s012",
      "s013",
      "s015",
      "s016",
      "s017",
      "s018",
      "s019",
      "s020",
      "s021",
      "s022",
      "s024",
      "s025",
      "s026",
      "s027",
      "s028",
      "s029",
      "s030",
      "s031",
      "s032",
      "s033",
      "s034",
      "s035",
      "s036",
      "s037",
      "s038",
      "s039",
      "s040",
      "s041",
      "s042",
      "s043",
      "s044",
      "s046",
      "s047",
      "s048",
      "s049",
      "s050",
      "s051",
      "s052",
      "s053",
      "s054",
      "s055",
      "s056",
      "s057"
    ],
    "threshold_selection_split": "validation"
  },
  "cosine_guarded": {
    "distance": "cosine",
    "policy": "guarded",
    "thresholds": {
      "s002": 0.032324135303497314,
      "s003": 0.032324135303497314,
      "s004": 0.032324135303497314,
      "s005": 0.032324135303497314,
      "s007": 0.032324135303497314,
      "s008": 0.032324135303497314,
      "s010": 0.032324135303497314,
      "s011": 0.032324135303497314,
      "s012": 0.032324135303497314,
      "s013": 0.032324135303497314,
      "s015": 0.032324135303497314,
      "s016": 0.032324135303497314,
      "s017": 0.032324135303497314,
      "s018": 0.032324135303497314,
      "s019": 0.032324135303497314,
      "s020": 0.032324135303497314,
      "s021": 0.032324135303497314,
      "s022": 0.032324135303497314,
      "s024": 0.032324135303497314,
      "s025": 0.032324135303497314,
      "s026": 0.032324135303497314,
      "s027": 0.032324135303497314,
      "s028": 0.032324135303497314,
      "s029": 0.026893198490142822,
      "s030": 0.032324135303497314,
      "s031": 0.032324135303497314,
      "s032": 0.032324135303497314,
      "s033": 0.032324135303497314,
      "s034": 0.032324135303497314,
      "s035": 0.032324135303497314,
      "s036": 0.032324135303497314,
      "s037": 0.032324135303497314,
      "s038": 0.032324135303497314,
      "s039": 0.032324135303497314,
      "s040": 0.032324135303497314,
      "s041": 0.032324135303497314,
      "s042": 0.032324135303497314,
      "s043": 0.032324135303497314,
      "s044": 0.032324135303497314,
      "s046": 0.028332650661468506,
      "s047": 0.032324135303497314,
      "s048": 0.032324135303497314,
      "s049": 0.032324135303497314,
      "s050": 0.032324135303497314,
      "s051": 0.032324135303497314,
      "s052": 0.032324135303497314,
      "s053": 0.032324135303497314,
      "s054": 0.032324135303497314,
      "s055": 0.029559671878814697,
      "s056": 0.032324135303497314,
      "s057": 0.027102649211883545
    },
    "selected_users": [
      "s029",
      "s046",
      "s055",
      "s057"
    ],
    "threshold_selection_split": "validation"
  },
  "euclidean_global": {
    "distance": "euclidean",
    "policy": "global",
    "thresholds": {
      "s002": 0.25313374400138855,
      "s003": 0.25313374400138855,
      "s004": 0.25313374400138855,
      "s005": 0.25313374400138855,
      "s007": 0.25313374400138855,
      "s008": 0.25313374400138855,
      "s010": 0.25313374400138855,
      "s011": 0.25313374400138855,
      "s012": 0.25313374400138855,
      "s013": 0.25313374400138855,
      "s015": 0.25313374400138855,
      "s016": 0.25313374400138855,
      "s017": 0.25313374400138855,
      "s018": 0.25313374400138855,
      "s019": 0.25313374400138855,
      "s020": 0.25313374400138855,
      "s021": 0.25313374400138855,
      "s022": 0.25313374400138855,
      "s024": 0.25313374400138855,
      "s025": 0.25313374400138855,
      "s026": 0.25313374400138855,
      "s027": 0.25313374400138855,
      "s028": 0.25313374400138855,
      "s029": 0.25313374400138855,
      "s030": 0.25313374400138855,
      "s031": 0.25313374400138855,
      "s032": 0.25313374400138855,
      "s033": 0.25313374400138855,
      "s034": 0.25313374400138855,
      "s035": 0.25313374400138855,
      "s036": 0.25313374400138855,
      "s037": 0.25313374400138855,