{
  "cosine_global": {
    "distance": "cosine",
    "policy": "global",
    "thresholds": {
      "s002": 0.16952449083328247,
      "s003": 0.16952449083328247,
      "s004": 0.16952449083328247,
      "s005": 0.16952449083328247,
      "s007": 0.16952449083328247,
      "s008": 0.16952449083328247,
      "s010": 0.16952449083328247,
      "s011": 0.16952449083328247,
      "s012": 0.16952449083328247,
      "s013": 0.16952449083328247,
      "s015": 0.16952449083328247,
      "s016": 0.16952449083328247,
      "s017": 0.16952449083328247,
      "s018": 0.16952449083328247,
      "s019": 0.16952449083328247,
      "s020": 0.16952449083328247,
      "s021": 0.16952449083328247,
      "s022": 0.16952449083328247,
      "s024": 0.16952449083328247,
      "s025": 0.16952449083328247,
      "s026": 0.16952449083328247,
      "s027": 0.16952449083328247,
      "s028": 0.16952449083328247,
      "s029": 0.16952449083328247,
      "s030": 0.16952449083328247,
      "s031": 0.16952449083328247,
      "s032": 0.16952449083328247,
      "s033": 0.16952449083328247,
      "s034": 0.16952449083328247,
      "s035": 0.16952449083328247,
      "s036": 0.16952449083328247,
      "s037": 0.16952449083328247,
      "s038": 0.16952449083328247,
      "s039": 0.16952449083328247,
      "s040": 0.16952449083328247,
      "s041": 0.16952449083328247,
      "s042": 0.16952449083328247,
      "s043": 0.16952449083328247,
      "s044": 0.16952449083328247,
      "s046": 0.16952449083328247,
      "s047": 0.16952449083328247,
      "s048": 0.16952449083328247,
      "s049": 0.16952449083328247,
      "s050": 0.16952449083328247,
      "s051": 0.16952449083328247,
      "s052": 0.16952449083328247,
      "s053": 0.16952449083328247,
      "s054": 0.16952449083328247,
      "s055": 0.16952449083328247,
      "s056": 0.16952449083328247,
      "s057": 0.16952449083328247
    },
    "selected_users": [],
    "threshold_selection_split": "validation"
  },
  "cosine_per_user": {
    "distance": "cosine",
    "policy": "per_user",
    "thresholds": {
      "s002": 0.24574226140975952,
      "s003": 0.11089438199996948,
      "s004": 0.24467265605926514,
      "s005": 0.07841527462005615,
      "s007": 0.05530869960784912,
      "s008": 0.13137656450271606,
      "s010": 0.28981465101242065,
      "s011": 0.1472805142402649,
      "s012": 0.09077632427215576,
      "s013": 0.22777879238128662,
      "s015": 0.24833732843399048,
      "s016": 0.41873782873153687,
      "s017": 0.15803653001785278,
      "s018": 0.218267023563385,
      "s019": 0.2506831884384155,
      "s020": 0.14464354515075684,
      "s021": 0.1988142728805542,
      "s022": 0.10924738645553589,
      "s024": 0.23298341035842896,
      "s025": 0.31335198879241943,
      "s026": 0.3034389019012451,
      "s027": 0.3126373887062073,
      "s028": 0.19083678722381592,
      "s029": 0.11177939176559448,
      "s030": 0.2540549635887146,
      "s031": 0.291456937789917,
      "s032": 0.22578531503677368,
      "s033": 0.16259026527404785,
      "s034": 0.20380651950836182,
      "s035": 0.22400188446044922,
      "s036": 0.12365764379501343,
      "s037": 0.24668675661087036,
      "s038": 0.2939075827598572,
      "s039": 0.21188437938690186,
      "s040": 0.16047930717468262,
      "s041": 0.1052771806716919,
      "s042": 0.42625826597213745,
      "s043": 0.11201333999633789,
      "s044": 0.203446626663208,
      "s046": 0.2101479172706604,
      "s047": 0.4284094572067261,
      "s048": 0.2288801074028015,
      "s049": 0.15000516176223755,
      "s050": 0.1507452130317688,
      "s051": 0.061087608337402344,
      "s052": 0.4000253677368164,
      "s053": 0.31255626678466797,
      "s054": 0.22625869512557983,
      "s055": 0.0910642147064209,
      "s056": 0.11794006824493408,
      "s057": 0.2469954490661621
    },
    "selected_users": [
      "s002",
      "s003",
      "s004",
      "s005",
      "s007",
      "s008",
      "s010",
      "s011",
      "s012",
      "s013",
      "s015",
      "s016",
      "s017",
      "s018",
      "s019",
      "s020",
      "s021",
      "s022",
      "s024",
      "s025",
      "s026",
      "s027",
      "s028",
      "s029",
      "s030",
      "s031",
      "s032",
      "s033",
      "s034",
      "s035",
      "s036",
      "s037",
      "s038",
      "s039",
      "s040",
      "s041",
      "s042",
      "s043",
      "s044",
      "s046",
      "s047",
      "s048",
      "s049",
      "s050",
      "s051",
      "s052",
      "s053",
      "s054",
      "s055",
      "s056",
      "s057"
    ],
    "threshold_selection_split": "validation"
  },
  "cosine_guarded": {
    "distance": "cosine",
    "policy": "guarded",
    "thresholds": {
      "s002": 0.16952449083328247,
      "s003": 0.16952449083328247,
      "s004": 0.16952449083328247,
      "s005": 0.16952449083328247,
      "s007": 0.16952449083328247,
      "s008": 0.16952449083328247,
      "s010": 0.16952449083328247,
      "s011": 0.1472805142402649,
      "s012": 0.16952449083328247,
      "s013": 0.16952449083328247,
      "s015": 0.16952449083328247,
      "s016": 0.16952449083328247,
      "s017": 0.16952449083328247,
      "s018": 0.16952449083328247,
      "s019": 0.16952449083328247,
      "s020": 0.16952449083328247,
      "s021": 0.16952449083328247,
      "s022": 0.16952449083328247,
      "s024": 0.16952449083328247,
      "s025": 0.16952449083328247,
      "s026": 0.16952449083328247,
      "s027": 0.16952449083328247,
      "s028": 0.16952449083328247,
      "s029": 0.16952449083328247,
      "s030": 0.16952449083328247,
      "s031": 0.16952449083328247,
      "s032": 0.16952449083328247,
      "s033": 0.16259026527404785,
      "s034": 0.16952449083328247,
      "s035": 0.16952449083328247,
      "s036": 0.12365764379501343,
      "s037": 0.16952449083328247,
      "s038": 0.16952449083328247,
      "s039": 0.16952449083328247,
      "s040": 0.16047930717468262,
      "s041": 0.16952449083328247,
      "s042": 0.16952449083328247,
      "s043": 0.11201333999633789,
      "s044": 0.16952449083328247,
      "s046": 0.16952449083328247,
      "s047": 0.16952449083328247,
      "s048": 0.16952449083328247,
      "s049": 0.15000516176223755,
      "s050": 0.16952449083328247,
      "s051": 0.16952449083328247,
      "s052": 0.16952449083328247,
      "s053": 0.16952449083328247,
      "s054": 0.16952449083328247,
      "s055": 0.16952449083328247,
      "s056": 0.16952449083328247,
      "s057": 0.16952449083328247
    },
    "selected_users": [
      "s011",
      "s033",
      "s036",
      "s040",
      "s043",
      "s049"
    ],
    "threshold_selection_split": "validation"
  },
  "euclidean_global": {
    "distance": "euclidean",
    "policy": "global",
    "thresholds": {
      "s002": 0.5650562644004822,
      "s003": 0.5650562644004822,
      "s004": 0.5650562644004822,
      "s005": 0.5650562644004822,
      "s007": 0.5650562644004822,
      "s008": 0.5650562644004822,
      "s010": 0.5650562644004822,
      "s011": 0.5650562644004822,
      "s012": 0.5650562644004822,
      "s013": 0.5650562644004822,
      "s015": 0.5650562644004822,
      "s016": 0.5650562644004822,
      "s017": 0.5650562644004822,
      "s018": 0.5650562644004822,
      "s019": 0.5650562644004822,
      "s020": 0.5650562644004822,
      "s021": 0.5650562644004822,
      "s022": 0.5650562644004822,
      "s024": 0.5650562644004822,
      "s025": 0.5650562644004822,
      "s026": 0.5650562644004822,
      "s027": 0.5650562644004822,
      "s028": 0.5650562644004822,
      "s029": 0.5650562644004822,
      "s030": 0.5650562644004822,
      "s031": 0.5650562644004822,
      "s032": 0.5650562644004822,
      "s033": 0.5650562644004822,
      "s034": 0.5650562644004822,
      "s035": 0.5650562644004822,
      "s036": 0.5650562644004822,
      "s037": 0.5650562644004822,
      "s038": 0.5650562644004822,
      "s039": 0.5650562644004822,
      "s040": 0.5650562644004822,
      "s041": 0.5650562644004822,