{
  "cosine_global": {
    "distance": "cosine",
    "policy": "global",
    "thresholds": {
      "s002": 0.2599141001701355,
      "s003": 0.2599141001701355,
      "s004": 0.2599141001701355,
      "s005": 0.2599141001701355,
      "s007": 0.2599141001701355,
      "s008": 0.2599141001701355,
      "s010": 0.2599141001701355,
      "s011": 0.2599141001701355,
      "s012": 0.2599141001701355,
      "s013": 0.2599141001701355,
      "s015": 0.2599141001701355,
      "s016": 0.2599141001701355,
      "s017": 0.2599141001701355,
      "s018": 0.2599141001701355,
      "s019": 0.2599141001701355,
      "s020": 0.2599141001701355,
      "s021": 0.2599141001701355,
      "s022": 0.2599141001701355,
      "s024": 0.2599141001701355,
      "s025": 0.2599141001701355,
      "s026": 0.2599141001701355,
      "s027": 0.2599141001701355,
      "s028": 0.2599141001701355,
      "s029": 0.2599141001701355,
      "s030": 0.2599141001701355,
      "s031": 0.2599141001701355,
      "s032": 0.2599141001701355,
      "s033": 0.2599141001701355,
      "s034": 0.2599141001701355,
      "s035": 0.2599141001701355,
      "s036": 0.2599141001701355,
      "s037": 0.2599141001701355,
      "s038": 0.2599141001701355,
      "s039": 0.2599141001701355,
      "s040": 0.2599141001701355,
      "s041": 0.2599141001701355,
      "s042": 0.2599141001701355,
      "s043": 0.2599141001701355,
      "s044": 0.2599141001701355,
      "s046": 0.2599141001701355,
      "s047": 0.2599141001701355,
      "s048": 0.2599141001701355,
      "s049": 0.2599141001701355,
      "s050": 0.2599141001701355,
      "s051": 0.2599141001701355,
      "s052": 0.2599141001701355,
      "s053": 0.2599141001701355,
      "s054": 0.2599141001701355,
      "s055": 0.2599141001701355,
      "s056": 0.2599141001701355,
      "s057": 0.2599141001701355
    },
    "selected_users": [],
    "threshold_selection_split": "validation"
  },
  "cosine_per_user": {
    "distance": "cosine",
    "policy": "per_user",
    "thresholds": {
      "s002": 0.2941746115684509,
      "s003": 0.16373687982559204,
      "s004": 0.2969249486923218,
      "s005": 0.19002288579940796,
      "s007": 0.1277681589126587,
      "s008": 0.2196112871170044,
      "s010": 0.3379296064376831,
      "s011": 0.22920769453048706,
      "s012": 0.15379416942596436,
      "s013": 0.2414088249206543,
      "s015": 0.29134494066238403,
      "s016": 0.4443979263305664,
      "s017": 0.2888573408126831,
      "s018": 0.256952166557312,
      "s019": 0.36791127920150757,
      "s020": 0.20619475841522217,
      "s021": 0.3111027479171753,
      "s022": 0.3324093818664551,
      "s024": 0.3366883397102356,
      "s025": 0.41588491201400757,
      "s026": 0.30293673276901245,
      "s027": 0.4108479619026184,
      "s028": 0.25087571144104004,
      "s029": 0.21774905920028687,
      "s030": 0.2810273766517639,
      "s031": 0.34082067012786865,
      "s032": 0.2614056468009949,
      "s033": 0.27194011211395264,
      "s034": 0.3154296875,
      "s035": 0.40084147453308105,
      "s036": 0.27986061573028564,
      "s037": 0.29141098260879517,
      "s038": 0.35869014263153076,
      "s039": 0.27422547340393066,
      "s040": 0.30776697397232056,
      "s041": 0.21044135093688965,
      "s042": 0.46651172637939453,
      "s043": 0.23114371299743652,
      "s044": 0.26630330085754395,
      "s046": 0.26632875204086304,
      "s047": 0.4404280185699463,
      "s048": 0.27625614404678345,
      "s049": 0.2650619149208069,
      "s050": 0.2482317090034485,
      "s051": 0.1824965476989746,
      "s052": 0.3929058313369751,
      "s053": 0.33135485649108887,
      "s054": 0.23035484552383423,
      "s055": 0.21117037534713745,
      "s056": 0.19372975826263428,
      "s057": 0.3055471181869507
    },
    "selected_users": [
      "s002",
      "s003",
      "s004",
      "s005",
      "s007",
      "s008",
      "s010",
      "s011",
      "s012",
      "s013",
      "s015",
      "s016",
      "s017",
      "s018",
      "s019",
      "s020",
      "s021",
      "s022",
      "s024",
      "s025",
      "s026",
      "s027",
      "s028",
      "s029",
      "s030",
      "s031",
      "s032",
      "s033",
      "s034",
      "s035",
      "s036",
      "s037",
      "s038",
      "s039",
      "s040",
      "s041",
      "s042",
      "s043",
      "s044",
      "s046",
      "s047",
      "s048",
      "s049",
      "s050",
      "s051",
      "s052",
      "s053",
      "s054",
      "s055",
      "s056",
      "s057"
    ],
    "threshold_selection_split": "validation"
  },
  "cosine_guarded": {
    "distance": "cosine",
    "policy": "guarded",
    "thresholds": {
      "s002": 0.2599141001701355,
      "s003": 0.2599141001701355,
      "s004": 0.2599141001701355,
      "s005": 0.2599141001701355,
      "s007": 0.2599141001701355,
      "s008": 0.2599141001701355,
      "s010": 0.2599141001701355,
      "s011": 0.22920769453048706,
      "s012": 0.2599141001701355,
      "s013": 0.2414088249206543,
      "s015": 0.2599141001701355,
      "s016": 0.2599141001701355,
      "s017": 0.2599141001701355,
      "s018": 0.256952166557312,
      "s019": 0.2599141001701355,
      "s020": 0.2599141001701355,
      "s021": 0.2599141001701355,
      "s022": 0.2599141001701355,
      "s024": 0.2599141001701355,
      "s025": 0.2599141001701355,
      "s026": 0.2599141001701355,
      "s027": 0.2599141001701355,
      "s028": 0.25087571144104004,
      "s029": 0.2599141001701355,
      "s030": 0.2599141001701355,
      "s031": 0.2599141001701355,
      "s032": 0.2599141001701355,
      "s033": 0.2599141001701355,
      "s034": 0.2599141001701355,
      "s035": 0.2599141001701355,
      "s036": 0.2599141001701355,
      "s037": 0.2599141001701355,
      "s038": 0.2599141001701355,
      "s039": 0.2599141001701355,
      "s040": 0.2599141001701355,
      "s041": 0.2599141001701355,
      "s042": 0.2599141001701355,
      "s043": 0.23114371299743652,
      "s044": 0.2599141001701355,
      "s046": 0.2599141001701355,
      "s047": 0.2599141001701355,
      "s048": 0.2599141001701355,
      "s049": 0.2599141001701355,
      "s050": 0.2482317090034485,
      "s051": 0.2599141001701355,
      "s052": 0.2599141001701355,
      "s053": 0.2599141001701355,
      "s054": 0.2599141001701355,
      "s055": 0.2599141001701355,
      "s056": 0.2599141001701355,
      "s057": 0.2599141001701355
    },
    "selected_users": [
      "s011",
      "s013",
      "s018",
      "s028",
      "s043",
      "s050"
    ],
    "threshold_selection_split": "validation"
  },
  "euclidean_global": {
    "distance": "euclidean",
    "policy": "global",
    "thresholds": {
      "s002": 0.6854206919670105,
      "s003": 0.6854206919670105,
      "s004": 0.6854206919670105,
      "s005": 0.6854206919670105,
      "s007": 0.6854206919670105,
      "s008": 0.6854206919670105,
      "s010": 0.6854206919670105,
      "s011": 0.6854206919670105,
      "s012": 0.6854206919670105,
      "s013": 0.6854206919670105,
      "s015": 0.6854206919670105,
      "s016": 0.6854206919670105,
      "s017": 0.6854206919670105,
      "s018": 0.6854206919670105,
      "s019": 0.6854206919670105,
      "s020": 0.6854206919670105,
      "s021": 0.6854206919670105,
      "s022": 0.6854206919670105,
      "s024": 0.6854206919670105,
      "s025": 0.6854206919670105,
      "s026": 0.6854206919670105,
      "s027": 0.6854206919670105,
      "s028": 0.6854206919670105,
      "s029": 0.6854206919670105,
      "s030": 0.6854206919670105,
      "s031": 0.6854206919670105,
      "s032": 0.6854206919670105,
      "s033": 0.6854206919670105,
      "s034": 0.6854206919670105,
      "s035": 0.6854206919670105,
      "s036": 0.6854206919670105,
      "s037": 0.6854206919670105,
      "s038": 0.6854206919670105,
      "s039": 0.6854206919670105,
      "s040": 0.6854206919670105,
      "s041": 0.6854206919670105,
      "s042": 0.6854206919670105,
      "s043": 0.6854206919670105,
      "s044": 0.6854206919670105,