epoch,loss,triplet_margin_accuracy,val_loss,val_triplet_margin_accuracy
1,0.05390021204948425,0.7300588488578796,0.025023367255926132,0.86917644739151
2,0.03482042998075485,0.8111764788627625,0.020182868465781212,0.8895686268806458
